来源文件	主车型	品牌	分类	结构	版本	代际	年份	max_length_in	max_width_in (w/o)	max_height_in	参考车型	备注	迭代状态
split_part_03_result.md	BMW 3 Series	BMW	跑车		Coupe	Std.	gen1 compact	1977-1983			171.5	63.4	54.3	1977-1983 BMW 3 Series E21 Coupe, Wikipedia/UltimateSpecs	E21早期双门	可入库
split_part_03_result.md	BMW 3 Series	BMW	三厢车		Sedan	Std.	gen2 compact	1984-1991			170.3	64.8	54.3	1984-1991 BMW 3 Series E30 Sedan, Auto-Data/Wikipedia	E30四门	可入库
split_part_03_result.md	BMW 3 Series	BMW	跑车		Coupe	Std.	gen2 compact	1984-1991			170.3	64.8	54.3	1984-1991 BMW 3 Series E30 Coupe, Auto-Data/Wikipedia	E30双门	可入库
split_part_03_result.md	BMW 3 Series	BMW	跑车		Convertible	Std.	gen2 compact	1987-1993			170.3	64.8	54.3	1987-1993 BMW 3 Series E30 Convertible, Auto-Data/Wikipedia	E30敞篷	可入库
split_part_03_result.md	BMW 3 Series	BMW	三厢车		Sedan	Std.	gen3 compact	1992-1998			174.5	67.3	54.8	1992-1998 BMW 3 Series E36 Sedan, CarsGuide/Auto-Data	E36四门	可入库
split_part_03_result.md	BMW 3 Series	BMW	跑车		Coupe	Std.	gen3 compact	1992-1999			174.5	67.3	53.1	1992-1999 BMW 3 Series E36 Coupe, CarsGuide/Auto-Data	E36双门	可入库
split_part_03_result.md	BMW 3 Series	BMW	跑车		Convertible	Std.	gen3 compact	1994-1999			174.5	67.3	53.1	1994-1999 BMW 3 Series E36 Convertible, CarsGuide/Auto-Data	E36敞篷	可入库
split_part_03_result.md	BMW 3 Series	BMW	三厢车		Sedan	Std.	gen4 compact	1999-2005			176	68.5	55.7	1999-2005 BMW 3 Series E46 Sedan, Carsized/Edmunds	E46普通三厢	可入库
split_part_03_result.md	BMW 3 Series	BMW	两厢车		Wagon	Std.	gen4 compact	2000-2005			176.3	68.5	56.3	2000-2005 BMW 3 Series Sports Wagon, Edmunds	E46旅行车更高	可入库
split_part_03_result.md	BMW 3 Series	BMW	跑车		Coupe	Std.	gen4 compact	2000-2006			176.7	69.2	53.9	2000-2006 BMW 3 Series E46 Coupe, Carsized/Auto-Data	E46双门	可入库
split_part_03_result.md	BMW 3 Series	BMW	跑车		Convertible	Std.	gen4 compact	2000-2006			176.7	69.2	54	2000-2006 BMW 3 Series E46 Convertible, Auto-Data	E46敞篷	可入库
split_part_03_result.md	BMW 3 Series	BMW	三厢车		Sedan	Std.	gen5 compact	2006-2011			178.2	71.5	55.9	2006-2011 BMW 3 Series Sedan, Edmunds	E90普通三厢	可入库
split_part_03_result.md	BMW 3 Series	BMW	两厢车		Wagon	Std.	gen5 compact	2007-2011			178.2	71.5	55.8	2007-2011 BMW 3 Series Wagon, Edmunds	E91旅行车前期	可入库
split_part_03_result.md	BMW 3 Series	BMW	两厢车		Wagon	Std.	gen5 compact	2012			178.6	71.5	55.8	2012 BMW 3 Series Wagon, Edmunds	E91旅行车末年	可入库
split_part_03_result.md	BMW 3 Series	BMW	跑车		Coupe	Std.	gen5 compact	2007-2013			181.9	70.2	54.9	2007-2013 BMW 3 Series Coupe, Edmunds	E92双门	可入库
split_part_03_result.md	BMW 3 Series	BMW	跑车		Convertible	Std.	gen5 compact	2007-2013			181.9	70.2	54.5	2007-2013 BMW 3 Series Convertible, Edmunds	E93敞篷	可入库
split_part_03_result.md	BMW 3 Series	BMW	三厢车		Sedan	Std.	gen6 compact	2012-2018			182.8	71.3	56.3	2012-2018 BMW 328i/320i Sedan, Edmunds	F30普通三厢	可入库
split_part_03_result.md	BMW 3 Series	BMW	两厢车		Wagon	Std.	gen6 compact	2014-2019			182.8	71.3	56.5	2014-2019 BMW 3 Series Sports Wagon, Edmunds	F31旅行车	可入库
split_part_03_result.md	BMW 3 Series	BMW	两厢车		Hatchback	GT	gen6 compact	2014-2019			190	72	59.4	2014-2019 BMW 3 Series Gran Turismo, Edmunds	F34 Gran Turismo高车身	可入库
split_part_03_result.md	BMW 3 Series	BMW	三厢车		Sedan	Std.	gen7 compact	2019-2026			185.9	71.9	57	2019-2026 BMW 3 Series Sedan, Edmunds	G20普通三厢	可入库
split_part_03_result.md	BMW 4 Series	BMW	跑车		Coupe	Std.	gen1 coupe	2014-2020			182.7	71.9	54.8	2014-2020 BMW 4 Series Coupe, Edmunds	F32双门跑车	可入库
split_part_03_result.md	BMW 4 Series	BMW	跑车		Convertible	Std.	gen1 convertible	2014-2020			182.6	71.9	54.5	2014-2020 BMW 4 Series Convertible, Edmunds	F33 Convertible	可入库
split_part_03_result.md	BMW 4 Series	BMW	三厢车		Sedan	Gran Coupe	gen1 gran coupe	2015-2020			182.7	71.9	54.7	2015-2020 BMW 4 Series Gran Coupe, Edmunds	四门Gran Coupe	可入库
split_part_03_result.md	BMW 4 Series	BMW	跑车		Coupe	inc: M4	gen2 coupe	2021-2026			189.1	74.3	55	2021-2026 BMW M4 Coupe; 2021-2026 BMW 4 Series Coupe, Edmunds	含M4宽体风险	可入库
split_part_03_result.md	BMW 4 Series	BMW	跑车		Convertible	inc: M4	gen2 convertible	2021-2026			189.1	74.3	55.1	2021-2026 BMW M4 Convertible; 2021-2026 BMW 4 Series Convertible, Edmunds	含M4敞篷	可入库
split_part_03_result.md	BMW 4 Series	BMW	三厢车		Sedan	Gran Coupe	gen2 gran coupe	2022-2026			188.5	72.9	56.8	2022-2026 BMW 4 Series Gran Coupe, Edmunds	四门Gran Coupe更高	可入库
split_part_03_result.md	BMW 5 Series	BMW	三厢车		Sedan	Std.	gen1 midsize	1975-1981			181.9	66.5	56.1	1975-1981 BMW 5 Series E12 Sedan, UltimateSpecs/BMW M	E12早期5系	可入库
split_part_03_result.md	BMW 5 Series	BMW	三厢车		Sedan	Std.	gen2 midsize	1982-1988			181.9	66.9	55.7	1982-1988 BMW 5 Series E28 Sedan, Auto-Data/Carsized	E28普通三厢	可入库
split_part_03_result.md	BMW 5 Series	BMW	三厢车		Sedan	Std.	gen3 midsize	1989-1995			185.8	68.9	55.6	1989-1995 BMW 5 Series E34 Sedan, Wikipedia/Carsized	E34普通三厢	可入库
split_part_03_result.md	BMW 5 Series	BMW	两厢车		Wagon	Std.	gen3 midsize	1992-1995			185.8	68.9	56	1992-1995 BMW 5 Series E34 Touring, Auto-Data/Wikipedia	E34旅行车	可入库
split_part_03_result.md	BMW 5 Series	BMW	三厢车		Sedan	Std.	gen4 midsize	1997-2003			185.8	70.9	56.7	1997-2003 BMW 5 Series E39 Sedan, CarsGuide/AutoEvolution	E39普通三厢	可入库
split_part_03_result.md	BMW 5 Series	BMW	两厢车		Wagon	Std.	gen4 midsize	1999-2003			189.2	70.9	56.7	1999-2003 BMW 5 Series E39 Wagon, AutoEvolution	E39旅行车	可入库
split_part_03_result.md	BMW 5 Series	BMW	三厢车		Sedan	Std.	gen5 midsize	2004-2010			190.6	72.7	57.8	2004-2010 BMW 5 Series E60 Sedan, Carsized	E60普通三厢	可入库
split_part_03_result.md	BMW 5 Series	BMW	两厢车		Wagon	Std.	gen5 midsize	2006-2010			191.2	72.8	58.7	2006-2010 BMW 5 Series E61 Wagon, Edmunds/Carsized	E61旅行车	可入库
split_part_03_result.md	BMW 5 Series	BMW	三厢车		Sedan	GT	gen6 midsize	2010-2016			196.8	74.8	61.4	2010-2016 BMW 5 Series Gran Turismo, Edmunds	高顶fastback	可入库
split_part_03_result.md	BMW 5 Series	BMW	三厢车		Sedan	Std.	gen6 midsize	2011-2016			193.4	73.2	57.6	2011-2016 BMW 5 Series Sedan, Edmunds	F10普通三厢	可入库
split_part_03_result.md	BMW 5 Series	BMW	三厢车		Sedan	inc: M5/PHEV	gen7 midsize	2017-2023			195.5	74.9	58.2	2017-2023 BMW M5 Sedan / 530e Sedan, Edmunds	G30含性能/PHEV	可入库
split_part_03_result.md	BMW 5 Series	BMW	三厢车		Sedan	inc: PHEV/EV	gen8 midsize	2024-2026			199.2	74.8	59.6	2024-2026 BMW 5 Series Sedan / i5 Sedan, Edmunds	G60普通/PHEV/EV	可入库
split_part_03_result.md	BMW 5 Series	BMW	三厢车		Sedan	M5	gen8 midsize	2026			200.6	77.6	59.4	2026 BMW M5 Sedan, Edmunds	G90 M5宽体	可入库
split_part_03_result.md	BMW 6 Series	BMW	跑车		Coupe	Std.	gen1 grand tourer	1977-1989			187.2	67.9	53.7	1977-1989 BMW 6 Series E24 Coupe, Auto-Data/CarsGuide	经典GT Coupe	可入库
split_part_03_result.md	BMW 6 Series	BMW	跑车		Coupe	Std.	gen2 grand tourer	2004-2010			190.2	73	54.1	2004-2010 BMW 6 Series Coupe, Edmunds	E63 GT Coupe	可入库
split_part_03_result.md	BMW 6 Series	BMW	跑车		Convertible	Std.	gen2 grand tourer	2004-2010			190.2	73	54.1	2004-2010 BMW 6 Series Convertible, Edmunds	E64 GT Convertible	可入库
split_part_03_result.md	BMW 6 Series	BMW	跑车		Coupe	Std.	gen3 grand tourer	2012-2019			192.8	74.6	53.9	2012-2019 BMW 6 Series Coupe, Edmunds	F13 GT Coupe	可入库
split_part_03_result.md	BMW 6 Series	BMW	跑车		Convertible	Std.	gen3 grand tourer	2012-2019			192.6	74.6	53.7	2012-2019 BMW 6 Series Convertible, Edmunds	低矮GT Convertible	可入库
split_part_03_result.md	BMW 6 Series	BMW	三厢车		Sedan	Gran Coupe	gen3 grand tourer	2013-2019			197.2	74.6	54.8	2013-2019 BMW 6 Series Gran Coupe, Edmunds	四门Gran Coupe	可入库
split_part_03_result.md	BMW 6 Series	BMW	两厢车		Hatchback	GT	gen4 grand tourer	2018-2019			200.9	74.9	60.6	2018-2019 BMW 6 Series Gran Turismo, Edmunds/Car and Driver	高车身GT	可入库
split_part_04_result.md	BMW 6 Series	BMW	跑车		Coupe	Std.	gen1 grand tourer	1977-1989			193.8	67.9	53.7	1977-1989 BMW 6 Series E24 Coupe, Wiki/Automobile-Catalog	美规长保险杠高点	可入库
split_part_04_result.md	BMW 6 Series	BMW	跑车		Coupe	Std.	gen2 grand tourer	2004-2010			190.2	73	54.1	2004-2010 BMW 6 Series Coupe, Edmunds	GT Coupe	可入库
split_part_04_result.md	BMW 6 Series	BMW	跑车		Convertible	Std.	gen2 grand tourer	2004-2010			190.2	73	54.1	2004-2010 BMW 6 Series Convertible, Edmunds	软顶GT	可入库
split_part_04_result.md	BMW 6 Series	BMW	跑车		Coupe	Std.	gen3 grand tourer	2012-2017			192.6	74.6	53.9	2012-2017 BMW 6 Series Coupe, Edmunds	低矮GT Coupe	可入库
split_part_04_result.md	BMW 6 Series	BMW	跑车		Convertible	Std.	gen3 grand tourer	2012-2018			192.8	74.6	53.7	2012-2018 BMW 6 Series Convertible, Edmunds	软顶GT	可入库
split_part_04_result.md	BMW 6 Series	BMW	三厢车		Sedan	Gran Coupe	gen3 gran coupe	2013-2019			197.1	74.6	54.8	2013-2019 BMW 6 Series Gran Coupe, Edmunds	四门轿跑	可入库
split_part_04_result.md	BMW 6 Series	BMW	两厢车		Hatchback	Std.	gen3 GT	2018-2019			200.9	74.9	60.6	2018-2019 BMW 6 Series Gran Turismo, Edmunds	GT掀背	可入库
split_part_04_result.md	BMW 7 Series	BMW	三厢车		Sedan	Std.	gen1 luxury sedan	1978-1986			191.3	70.9	56.3	1978-1986 BMW 7 Series E23 735i, Automobile-Catalog/Auto-Data	初代豪华轿车	可入库
split_part_04_result.md	BMW 7 Series	BMW	三厢车		Sedan	Std.	gen2 luxury sedan	1987-1994			197.8	72.6	55.6	1987-1994 BMW 7 Series E32 740iL / 750iL, Edmunds	二代长轴高点	可入库
split_part_04_result.md	BMW 7 Series	BMW	三厢车		Sedan	Std.	gen3 luxury sedan	1995-2001			201.7	73.3	56.1	1995-2001 BMW 7 Series 740iL / 750iL, Edmunds	长轴高点	可入库
split_part_04_result.md	BMW 7 Series	BMW	三厢车		Sedan	Std.	gen4 luxury sedan	2002-2008			203.9	74.9	58.7	2002-2008 BMW 7 Series 745i / 750Li / 760Li, Edmunds	长轴/高度高点	可入库
split_part_04_result.md	BMW 7 Series	BMW	三厢车		Sedan	Std.	gen5 luxury sedan	2009-2015			205.3	74.9	58.3	2009-2015 BMW 7 Series 750Li / 760Li, Edmunds	长轴高点	可入库
split_part_04_result.md	BMW 7 Series	BMW	三厢车		Sedan	Std.	gen6 luxury sedan	2016-2022			207.4	74.9	58.2	2016-2022 BMW 7 Series 740i / 750i / 750e / 760i, Edmunds	豪华轿车	可入库
split_part_04_result.md	BMW 7 Series	BMW	三厢车		Sedan	Std.	gen7 luxury sedan	2023-2026			212.2	76.8	60.8	2023-2026 BMW 7 Series 740i / 750e / 760i, Edmunds	排除i7	可入库
split_part_04_result.md	BMW 8 Series	BMW	跑车		Coupe	Std.	gen1 grand tourer	1991-1997			188.2	73	52.8	1991-1997 BMW 8 Series 840Ci / 850Ci Coupe, Edmunds	E31低矮GT Coupe	可入库
split_part_04_result.md	BMW 8 Series	BMW	跑车		Convertible	Std.	gen2 grand tourer	2019-2026			191.2	74.9	53	2019-2026 BMW 8 Series Convertible, Edmunds	敞篷跑车	可入库
split_part_04_result.md	BMW 8 Series	BMW	跑车		Coupe	Std.	gen2 grand tourer	2019-2026			191.2	74.9	53	2019-2026 BMW 8 Series Coupe, Edmunds	双门跑车	可入库
split_part_04_result.md	BMW 8 Series	BMW	三厢车		Sedan	Gran Coupe	gen2 grand tourer	2020-2026			200.3	76.1	55.4	2020-2026 BMW 8 Series Gran Coupe, Edmunds	四门Gran Coupe	可入库
split_part_04_result.md	BMW X1	BMW	越野车		SUV	Std.	gen1 compact SUV	2013-2015			176.5	70.8	60.8	2013-2015 BMW X1 xDrive28i / xDrive35i 4dr SUV, Edmunds		可入库
split_part_04_result.md	BMW X1	BMW	越野车		SUV	Std.	gen2 compact SUV	2016-2022			175.5	71.7	62.9	2016-2022 BMW X1 xDrive28i 4dr SUV, Edmunds		可入库
split_part_04_result.md	BMW X1	BMW	越野车		SUV	Std.	gen3 compact SUV	2023-2026			177.2	72.6	64.6	2023-2026 BMW X1 xDrive28i 4dr SUV, Edmunds		可入库
split_part_04_result.md	BMW X1	BMW	越野车		SUV	M35i	gen3 compact SUV	2024-2026			177.4	72.6	64.6	2024-2026 BMW X1 M35i 4dr SUV, Edmunds	性能版高点	可入库
split_part_04_result.md	BMW X2	BMW	越野车		CUV	Std.	gen1 coupe SUV	2018-2023			172.2	71.8	60.1	2018-2023 BMW X2 xDrive28i / M35i, Edmunds		可入库
split_part_04_result.md	BMW X2	BMW	越野车		CUV	Std.	gen2 coupe SUV	2024-2026			179.3	72.6	62.6	2024-2026 BMW X2 xDrive28i, Edmunds		可入库
split_part_04_result.md	BMW X2	BMW	越野车		CUV	M35i	gen2 coupe SUV	2024-2025			179.3	72.6	62.6	2024-2025 BMW X2 M35i, Edmunds	性能版	可入库
split_part_04_result.md	BMW X2	BMW	越野车		CUV	M35i	gen2 coupe SUV	2026			179.8	72.6	62.6	2026 BMW X2 M35i, Edmunds	性能版长度高点	可入库
split_part_04_result.md	BMW X3	BMW	越野车		SUV	Std.	gen1 SUV	2004-2010			179.9	73	65.9	2004-2010 BMW X3 3.0i / xDrive30i 4dr SUV, Edmunds/Car and Driver	初代SUV	可入库
split_part_04_result.md	BMW X3	BMW	越野车		SUV	Std.	gen2 SUV	2011-2017			183.6	74.1	66.1	2011-2017 BMW X3 xDrive35i 4dr SUV, Edmunds	二代SUV	可入库
split_part_04_result.md	BMW X3	BMW	越野车		SUV	Std.	gen3 SUV	2018-2024			185.9	74.7	66	2018-2024 BMW X3 M40i / xDrive30i 4dr SUV, Edmunds/BMW dealer specs	三代SUV	可入库
split_part_04_result.md	BMW X3	BMW	越野车		SUV	Std.	gen4 SUV	2025-2026			187.2	75.6	65.4	2025-2026 BMW X3 30 xDrive / M50 xDrive 4dr SUV, Edmunds	新款SUV	可入库
split_part_04_result.md	BMW X4	BMW	越野车		SUV	Std.	gen1 SUV coupe	2015-2018			184.5	74.1	63.9	2015-2018 BMW X4 xDrive28i / M40i, Edmunds	轿跑SUV	可入库
split_part_04_result.md	BMW X4	BMW	越野车		SUV	Std.	gen2 SUV coupe	2019-2021			187.5	75.5	63.8	2019-2021 BMW X4 xDrive30i / M40i, Edmunds	轿跑SUV	可入库
split_part_04_result.md	BMW X4	BMW	越野车		SUV	Std.	gen2 SUV coupe facelift	2022-2025			187.6	75.5	63.8	2022-2025 BMW X4 xDrive30i, Edmunds	普通版facelift	可入库
split_part_04_result.md	BMW X4	BMW	越野车		SUV	inc: M	gen2 SUV coupe facelift	2022-2025			187.6	76.3	63.8	2022-2025 BMW X4 M40i / X4 M, Edmunds	含M版宽度高点	可入库
split_part_04_result.md	BMW X5	BMW	越野车		SUV	Std.	gen1 SUV	2000-2006			183.7	73.7	67.5	2000-2006 BMW X5 3.0i / 4.4i 4dr SUV, Edmunds	初代SUV	可入库
split_part_04_result.md	BMW X5	BMW	越野车		SUV	Std.	gen2 SUV	2007-2013			191.1	76.1	69.9	2007-2013 BMW X5 3.0si / 4.8i / xDrive35i 4dr SUV, Edmunds	二代更高	可入库
split_part_04_result.md	BMW X5	BMW	越野车		SUV	Std.	gen3 SUV	2014-2018			193.2	76.3	69.4	2014-2018 BMW X5 xDrive35i / xDrive50i 4dr SUV, Edmunds	三代SUV	可入库
split_part_04_result.md	BMW X5	BMW	越野车		SUV	Std.	gen4 SUV	2019-2023			194.3	78.9	68.7	2019-2023 BMW X5 xDrive40i / M50i 4dr SUV, Edmunds	现款pre-facelift	可入库
split_part_04_result.md	BMW X5	BMW	越野车		SUV	Std.	gen4 facelift	2024-2026			194.3	78.9	69.5	2024-2026 BMW X5 xDrive40i / M60i 4dr SUV, Edmunds	现款facelift更高	可入库
split_part_06_result.md	Buick LeSabre	Buick	三厢车	Buick LeSabre	Sedan	Std.	gen1 full-size	1959-1960			217.9	80.7	57.2	1959 Buick LeSabre sedan refs / 1960 Buick LeSabre 4-Door Sedan UltimateSpecs	早期全尺寸sedan	可入库	无可用尺码	宽度超 3XL+ 2.7 in
split_part_06_result.md	Buick LeSabre	Buick	跑车	Buick LeSabre	Coupe	Std.	gen1 full-size	1959-1960			217.9	80.7	57.2	1959 Buick LeSabre Carfolio / 1960 Buick LeSabre 2-Door Sedan UltimateSpecs	早期全尺寸coupe	可入库	无可用尺码	宽度超 3XL+ 2.7 in
split_part_06_result.md	Buick LeSabre	Buick	跑车	Buick LeSabre	Convertible	Std.	gen1 full-size	1959-1960			217.9	80.7	57.2	1959 Buick LeSabre Convertible UltimateSpecs / 1960 Buick LeSabre Convertible UltimateSpecs	早期全尺寸敞篷	可入库	无可用尺码	宽度超 3XL+ 2.7 in
split_part_06_result.md	Buick LeSabre	Buick	两厢车	Buick LeSabre	Wagon	Std.	gen1 full-size	1959			217.4	80.7	57.1	1959 Buick LeSabre Estate Wagon Hometown Buick / Automobile-Catalog	早期高车顶wagon	可入库	无可用尺码	宽度超 3XL+ 2.7 in
split_part_06_result.md	Buick LeSabre	Buick	两厢车	Buick LeSabre	Wagon	Std.	gen1 full-size	1960			217.9	80	57.2	1960 Buick LeSabre Estate Wagon UltimateSpecs / Automobile-Catalog	早期高车顶wagon	可入库	无可用尺码	宽度超 3XL+ 2 in
split_part_06_result.md	Buick LeSabre	Buick	三厢车	Buick LeSabre	Sedan	Std.	gen2 full-size	1961			213.2	78	56.3	1961 Buick LeSabre 4-Door Hardtop UltimateSpecs	全尺寸sedan	可入库	3XXXL
split_part_06_result.md	Buick LeSabre	Buick	三厢车	Buick LeSabre	Sedan	Std.	gen2 full-size	1962			214.1	77.9	56.4	1962 Buick LeSabre 4-Door Sedan UltimateSpecs	全尺寸sedan	可入库	3XXXL
split_part_06_result.md	Buick LeSabre	Buick	三厢车	Buick LeSabre	Sedan	Std.	gen2 full-size	1963			215.7	78	56.7	1963 Buick LeSabre 4-Door Sedan / Hardtop Sedan refs	全尺寸sedan	可入库	3XXXL
split_part_06_result.md	Buick LeSabre	Buick	三厢车	Buick LeSabre	Sedan	Std.	gen2 full-size	1964			218.8	78	56.4	1964 Buick LeSabre 4-Door Sedan UltimateSpecs	全尺寸sedan	可入库	无可用尺码	长度超 3XXXL 0.8 in
split_part_06_result.md	Buick LeSabre	Buick	跑车	Buick LeSabre	Coupe	Std.	gen2 full-size	1961-1962			214.1	77.9	56.4	1961-1962 Buick LeSabre 2-Door Sedan UltimateSpecs	全尺寸2-door	可入库
split_part_06_result.md	Buick LeSabre	Buick	跑车	Buick LeSabre	Coupe	Std.	gen2 full-size	1963			215.7	78	56.7	1963 Buick LeSabre Sport Coupe UltimateSpecs	全尺寸coupe	可入库	3XXXL
split_part_06_result.md	Buick LeSabre	Buick	跑车	Buick LeSabre	Coupe	Std.	gen2 full-size	1964			218.8	78	56.4	1964 Buick LeSabre Sport Coupe UltimateSpecs	全尺寸coupe	可入库	无可用尺码	长度超 3XXXL 0.8 in
split_part_06_result.md	Buick LeSabre	Buick	跑车	Buick LeSabre	Convertible	Std.	gen2 full-size	1961-1962			214.1	77.9	55.6	1961-1962 Buick LeSabre Convertible refs	全尺寸敞篷	可入库	3XXXL
split_part_06_result.md	Buick LeSabre	Buick	跑车	Buick LeSabre	Convertible	Std.	gen2 full-size	1963			215.7	78	55.6	1963 Buick LeSabre Convertible UltimateSpecs	全尺寸敞篷	可入库	3XXXL
split_part_06_result.md	Buick LeSabre	Buick	跑车	Buick LeSabre	Convertible	Std.	gen2 full-size	1964			218.9	78	55.7	1964 Buick LeSabre Convertible Carfolio	全尺寸敞篷	可入库	无可用尺码	长度超 3XXXL 0.9 in
split_part_06_result.md	Buick LeSabre	Buick	两厢车	Buick LeSabre	Wagon	Std.	gen2 full-size	1962						高车顶wagon	剔除: 1962 LeSabre Wagon未生产，1962 full-size Estate为Invicta
split_part_06_result.md	Buick LeSabre	Buick	两厢车	Buick LeSabre	Wagon	Std.	gen2 full-size	1963			215.7	78	57.9	1963 Buick LeSabre Estate Wagon UltimateSpecs	高车顶wagon	可入库	3XXXL
split_part_06_result.md	Buick LeSabre	Buick	两厢车	Buick LeSabre	Wagon	Std.	gen2 full-size	1964			218.8	78	57.9	1964 Buick LeSabre Estate Wagon UltimateSpecs / Automobile-Catalog / Carfolio	高车顶wagon	可入库	无可用尺码	长度超 3XXXL 0.8 in
split_part_06_result.md	Buick LeSabre	Buick	跑车	Buick LeSabre	Convertible	Std.	gen3 full-size	1965			216.8	80	55.5	1965 Buick LeSabre Convertible UltimateSpecs	宽体敞篷	可入库	无可用尺码	宽度超 3XL+ 2 in
split_part_06_result.md	Buick LeSabre	Buick	跑车	Buick LeSabre	Convertible	Std.	gen3 full-size	1966			217	80	54.4	1966 Buick LeSabre Convertible UltimateSpecs / Automobile-Catalog	宽体敞篷	可入库	无可用尺码	宽度超 3XL+ 2 in
split_part_06_result.md	Buick LeSabre	Buick	跑车	Buick LeSabre	Convertible	Std.	gen3 full-size	1967			217.5	80	54.7	1967 Buick LeSabre Convertible UltimateSpecs / Automobile-Catalog	宽体全尺寸	可入库	无可用尺码	宽度超 3XL+ 2 in
split_part_06_result.md	Buick LeSabre	Buick	跑车	Buick LeSabre	Convertible	Std.	gen3 full-size	1968			217.5	80	54.9	1968 Buick LeSabre Custom Convertible Coupe Carfolio	宽体敞篷	可入库	无可用尺码	宽度超 3XL+ 2 in
split_part_06_result.md	Buick LeSabre	Buick	跑车	Buick LeSabre	Convertible	Std.	gen3 full-size	1969			218.2	79.5	54.9	1969 Buick LeSabre Convertible UltimateSpecs	宽体全尺寸	可入库	无可用尺码	长度超 3XXXL 0.2 in、宽度超 3XL+ 1.5 in
split_part_06_result.md	Buick LeSabre	Buick	跑车	Buick LeSabre	Coupe	Std.	gen3 full-size	1965			216.8	80	55.5	1965 Buick LeSabre Custom Sport Coupe Automobile-Catalog	宽体全尺寸	可入库	无可用尺码	宽度超 3XL+ 2 in
split_part_06_result.md	Buick LeSabre	Buick	跑车	Buick LeSabre	Coupe	Std.	gen3 full-size	1966			217	80	54.4	1966 Buick LeSabre Sport Coupe UltimateSpecs	宽体全尺寸	可入库	无可用尺码	宽度超 3XL+ 2 in
split_part_06_result.md	Buick LeSabre	Buick	跑车	Buick LeSabre	Coupe	Std.	gen3 full-size	1967			217.5	80	54.8	1967 Buick LeSabre Sport Coupe UltimateSpecs / Automobile-Catalog	宽体全尺寸	可入库	无可用尺码	宽度超 3XL+ 2 in
split_part_06_result.md	Buick LeSabre	Buick	跑车	Buick LeSabre	Coupe	Std.	gen3 full-size	1968			217.5	80	54.4	1968 Buick LeSabre Sport Coupe UltimateSpecs	宽体全尺寸	可入库	无可用尺码	宽度超 3XL+ 2 in
split_part_06_result.md	Buick LeSabre	Buick	跑车	Buick LeSabre	Coupe	Std.	gen3 full-size	1969			218.2	79.5	55.3	1969 Buick LeSabre 2-Door Hardtop Automobile-Catalog / Carfolio	宽体全尺寸	可入库	无可用尺码	长度超 3XXXL 0.2 in、宽度超 3XL+ 1.5 in
split_part_06_result.md	Buick LeSabre	Buick	三厢车	Buick LeSabre	Sedan	Std.	gen3 full-size	1965			216.8	80	55.5	1965 Buick LeSabre 4-Door Sedan UltimateSpecs / Automobile-Catalog	宽体全尺寸	可入库	无可用尺码	宽度超 3XL+ 2 in
split_part_06_result.md	Buick LeSabre	Buick	三厢车	Buick LeSabre	Sedan	Std.	gen3 full-size	1966			217	80	55.2	1966 Buick LeSabre 4-Door Sedan / 4-Door Hardtop UltimateSpecs / Automobile-Catalog	宽体全尺寸	可入库	无可用尺码	宽度超 3XL+ 2 in
split_part_06_result.md	Buick LeSabre	Buick	三厢车	Buick LeSabre	Sedan	Std.	gen3 full-size	1967			217.5	80	54.7	1967 Buick LeSabre 4-Door Hardtop Automobile-Catalog	宽体全尺寸	可入库	无可用尺码	宽度超 3XL+ 2 in
split_part_06_result.md	Buick LeSabre	Buick	三厢车	Buick LeSabre	Sedan	Std.	gen3 full-size	1968			217.5	80	54.4	1968 Buick LeSabre Custom Hardtop Carfolio / Automobile-Catalog	宽体全尺寸	可入库	无可用尺码	宽度超 3XL+ 2 in
split_part_06_result.md	Buick LeSabre	Buick	三厢车	Buick LeSabre	Sedan	Std.	gen3 full-size	1969			218.2	79.5	55.3	1969 Buick LeSabre 4-Door Sedan Automobile-Catalog	宽体全尺寸	可入库	无可用尺码	长度超 3XXXL 0.2 in、宽度超 3XL+ 1.5 in
split_part_06_result.md	Buick LeSabre	Buick	三厢车	Buick LeSabre	Sedan	Std.	gen4 full-size	1970			220.2	80	55.4	1970 Buick LeSabre 4-Door Sedan UltimateSpecs	大型化sedan	可入库	无可用尺码	长度超 3XXXL 2.2 in、宽度超 3XL+ 2 in
split_part_06_result.md	Buick LeSabre	Buick	三厢车	Buick LeSabre	Sedan	Std.	gen4 full-size	1971-1972			221.9	80	54.3	1971-1972 Buick LeSabre 4-Door Sedan UltimateSpecs	大型化sedan	可入库	无可用尺码	长度超 3XXXL 3.9 in、宽度超 3XL+ 2 in
split_part_06_result.md	Buick LeSabre	Buick	三厢车	Buick LeSabre	Sedan	Std.	gen4 full-size	1973			224.2	79.6	54.4	1973 Buick LeSabre 4-Door Sedan UltimateSpecs / Automobile-Catalog	大型化sedan	可入库	无可用尺码	长度超 3XXXL 6.2 in、宽度超 3XL+ 1.6 in
split_part_06_result.md	Buick LeSabre	Buick	三厢车	Buick LeSabre	Sedan	Std.	gen4 full-size	1974			225.9	79.9	54	1974 Buick LeSabre Hardtop Sedan UltimateSpecs / Automobile-Catalog	大型化sedan	可入库	无可用尺码	长度超 3XXXL 7.9 in、宽度超 3XL+ 1.9 in
split_part_06_result.md	Buick LeSabre	Buick	三厢车	Buick LeSabre	Sedan	Std.	gen4 full-size	1975-1976			226.8	79.9	54	1975-1976 Buick LeSabre 4-Door Sedan UltimateSpecs	大型化sedan	可入库	无可用尺码	长度超 3XXXL 8.8 in、宽度超 3XL+ 1.9 in
split_part_06_result.md	Buick LeSabre	Buick	跑车	Buick LeSabre	Coupe	Std.	gen4 full-size	1970-1971			220.7	79.7	53.6	1970-1971 Buick LeSabre Sport Coupe UltimateSpecs	大型化coupe	可入库	无可用尺码	长度超 3XXXL 2.7 in、宽度超 3XL+ 1.7 in
split_part_06_result.md	Buick LeSabre	Buick	跑车	Buick LeSabre	Coupe	Std.	gen4 full-size	1972			221.9	80	53.5	1972 Buick LeSabre Sport Coupe Automobile-Catalog	大型化coupe	可入库	无可用尺码	长度超 3XXXL 3.9 in、宽度超 3XL+ 2 in
split_part_06_result.md	Buick LeSabre	Buick	跑车	Buick LeSabre	Coupe	Std.	gen4 full-size	1973			224.2	79.6	53.6	1973 Buick LeSabre Hardtop Coupe UltimateSpecs	大型化coupe	可入库	无可用尺码	长度超 3XXXL 6.2 in、宽度超 3XL+ 1.6 in
split_part_06_result.md	Buick LeSabre	Buick	跑车	Buick LeSabre	Coupe	Std.	gen4 full-size	1974			225.9	79.9	54.9	1974 Buick LeSabre Hardtop Coupe Automobile-Catalog	大型化coupe	可入库	无可用尺码	长度超 3XXXL 7.9 in、宽度超 3XL+ 1.9 in
split_part_06_result.md	Buick LeSabre	Buick	跑车	Buick LeSabre	Coupe	Std.	gen4 full-size	1975-1976			226.8	79.9	53.2	1975-1976 Buick LeSabre Coupe UltimateSpecs	大型化coupe	可入库	无可用尺码	长度超 3XXXL 8.8 in、宽度超 3XL+ 1.9 in
split_part_06_result.md	Buick LeSabre	Buick	跑车	Buick LeSabre	Convertible	Std.	gen4 full-size	1970			220.2	80	54.6	1970 Buick LeSabre Custom Convertible UltimateSpecs / Automobile-Catalog	大型敞篷	可入库	无可用尺码	长度超 3XXXL 2.2 in、宽度超 3XL+ 2 in
split_part_06_result.md	Buick LeSabre	Buick	跑车	Buick LeSabre	Convertible	Std.	gen4 full-size	1971			220.7	79.7	53.9	1971 Buick LeSabre Custom Convertible UltimateSpecs / Automobile-Catalog	大型敞篷	可入库	无可用尺码	长度超 3XXXL 2.7 in、宽度超 3XL+ 1.7 in
split_part_06_result.md	Buick LeSabre	Buick	跑车	Buick LeSabre	Convertible	Std.	gen4 full-size	1972			221.9	80	53.9	1972 Buick LeSabre Convertible UltimateSpecs	大型敞篷	可入库	无可用尺码	长度超 3XXXL 3.9 in、宽度超 3XL+ 2 in
split_part_06_result.md	Buick LeSabre	Buick	跑车	Buick LeSabre	Convertible	Std.	gen4 full-size	1975			226.9	79.9	53.8	1975 Buick LeSabre Custom Convertible ConceptCarz	末期敞篷	可入库	无可用尺码	长度超 3XXXL 8.9 in、宽度超 3XL+ 1.9 in
split_part_06_result.md	Buick LeSabre	Buick	两厢车	Buick LeSabre	Wagon	Std.	gen4 full-size	1970			223.3	80	57.1	1970 Buick Estate Wagon UltimateSpecs / Automobile-Catalog	一年款B-body全尺寸wagon	可入库	无可用尺码	长度超 3XXXL 5.3 in、宽度超 3XL+ 2 in
split_part_06_result.md	Buick LeSabre	Buick	两厢车	Buick LeSabre	Wagon	Std.	gen4 full-size	1971			226.8	79.7	57.3	1971 Buick Estate Wagon UltimateSpecs	大型高车顶wagon	可入库	无可用尺码	长度超 3XXXL 8.8 in、宽度超 3XL+ 1.7 in
split_part_06_result.md	Buick LeSabre	Buick	两厢车	Buick LeSabre	Wagon	Std.	gen4 full-size	1972			228.3	80	57.1	1972 Buick Estate Wagon UltimateSpecs	大型高车顶wagon	可入库	无可用尺码	长度超 3XXXL 10.3 in、宽度超 3XL+ 2 in
split_part_06_result.md	Buick LeSabre	Buick	两厢车	Buick LeSabre	Wagon	Std.	gen4 full-size	1973			229.5	79.6	57.3	1973 Buick Estate Wagon UltimateSpecs / Automobile-Catalog	大型高车顶wagon	可入库	无可用尺码	长度超 3XXXL 11.5 in、宽度超 3XL+ 1.6 in
split_part_06_result.md	Buick LeSabre	Buick	两厢车	Buick LeSabre	Wagon	Std.	gen4 full-size	1974			231.1	79.9	57.9	1974 Buick Estate Wagon UltimateSpecs / Automobile-Catalog	大型高车顶wagon	可入库	无可用尺码	长度超 3XXXL 13.1 in、宽度超 3XL+ 1.9 in
split_part_06_result.md	Buick LeSabre	Buick	两厢车	Buick LeSabre	Wagon	Std.	gen4 full-size	1975			231.8	79.9	58.4	1975 Buick Estate Wagon Automobile-Catalog / Carfolio	大型高车顶wagon	可入库	无可用尺码	长度超 3XXXL 13.8 in、宽度超 3XL+ 1.9 in
split_part_06_result.md	Buick LeSabre	Buick	两厢车	Buick LeSabre	Wagon	Std.	gen4 full-size	1976			231.8	79.9	57.8	1976 Buick Estate Wagon Automobile-Catalog	大型高车顶wagon	可入库	无可用尺码	长度超 3XXXL 13.8 in、宽度超 3XL+ 1.9 in
split_part_06_result.md	Buick LeSabre	Buick	三厢车	Buick LeSabre	Sedan	Std.	gen5 downsized full-size	1977-1978			218.2	77.2	55.7	1977 Buick LeSabre Sedan Automobile-Catalog / 1978 Buick LeSabre Sedan UltimateSpecs	RWD downsized sedan	可入库	3XXXL
split_part_06_result.md	Buick LeSabre	Buick	三厢车	Buick LeSabre	Sedan	Std.	gen5 downsized full-size	1979			218.2	77.2	55.7	1979 Buick LeSabre Limited Sedan Automobile-Catalog	RWD downsized sedan	可入库	3XXXL
split_part_06_result.md	Buick LeSabre	Buick	三厢车	Buick LeSabre	Sedan	Std.	gen5 downsized full-size	1980			217.4	78	55	1980 Buick LeSabre Sedan UltimateSpecs	RWD downsized sedan	可入库	3XXXL
split_part_06_result.md	Buick LeSabre	Buick	三厢车	Buick LeSabre	Sedan	Std.	gen5 downsized full-size	1981			218.4	75.9	55	1981 Buick LeSabre Sedan UltimateSpecs / Automobile-Catalog	RWD downsized sedan	可入库	无可用尺码	长度超 3XXXL 0.4 in
split_part_06_result.md	Buick LeSabre	Buick	三厢车	Buick LeSabre	Sedan	Std.	gen5 downsized full-size	1982-1984			218	78	56	1982-1984 Buick LeSabre Limited Sedan refs	早期80年代RWD sedan	可入库	3XXXL
split_part_06_result.md	Buick LeSabre	Buick	三厢车	Buick LeSabre	Sedan	Std.	gen5 downsized full-size	1985			218	78	56	1985 Buick LeSabre Limited Sedan iSeeCars	RWD downsized sedan	可入库	3XXXL
split_part_06_result.md	Buick LeSabre	Buick	跑车	Buick LeSabre	Coupe	Std.	gen5 downsized full-size	1977			218.2	77.2	55.3	1977 Buick LeSabre Sport Coupe Automobile-Catalog	RWD downsized coupe	可入库	3XXXL
split_part_06_result.md	Buick LeSabre	Buick	跑车	Buick LeSabre	Coupe	Std.	gen5 downsized full-size	1978-1979			218.2	77.2	55	1978-1979 Buick LeSabre Coupe UltimateSpecs / Automobile-Catalog	RWD downsized coupe	可入库	3XXXL
split_part_06_result.md	Buick LeSabre	Buick	跑车	Buick LeSabre	Coupe	Std.	gen5 downsized full-size	1980			217.4	78	55	1980 Buick LeSabre Limited Coupe Automobile-Catalog	RWD downsized coupe	可入库	3XXXL
split_part_06_result.md	Buick LeSabre	Buick	跑车	Buick LeSabre	Coupe	Std.	gen5 downsized full-size	1981			218.4	75.9	55	1981 Buick LeSabre Coupe Carfolio	RWD downsized coupe	可入库	无可用尺码	长度超 3XXXL 0.4 in
split_part_06_result.md	Buick LeSabre	Buick	跑车	Buick LeSabre	Coupe	Std.	gen5 downsized full-size	1982-1985			218.4	75.9	56	1982 Buick LeSabre Coupe UltimateSpecs / 1983-1985 Buick LeSabre Coupe UltimateSpecs	RWD downsized coupe	可入库	无可用尺码	长度超 3XXXL 0.4 in
split_part_06_result.md	Buick LeSabre	Buick	两厢车	Buick LeSabre	Wagon	Std.	gen5 downsized full-size	1977-1978			216.7	79.9	56.5	1977-1978 Buick Estate Wagon Carfolio	高车顶wagon	可入库	无可用尺码	宽度超 3XL+ 1.9 in
split_part_06_result.md	Buick LeSabre	Buick	两厢车	Buick LeSabre	Wagon	Std.	gen5 downsized full-size	1979			216.7	79.9	56.5	1979 Buick Estate Wagon Limited Automobile-Catalog	高车顶wagon	可入库	无可用尺码	宽度超 3XL+ 1.9 in
split_part_06_result.md	Buick LeSabre	Buick	两厢车	Buick LeSabre	Wagon	Std.	gen5 downsized full-size	1980			218.8	80.1	57.1	1980 Buick LeSabre Estate Wagon UltimateSpecs	高车顶wagon	可入库	无可用尺码	长度超 3XXXL 0.8 in、宽度超 3XL+ 2.1 in
split_part_06_result.md	Buick LeSabre	Buick	两厢车	Buick LeSabre	Wagon	Std.	gen5 downsized full-size	1981			220.5	79.3	57.1	1981 Buick LeSabre Estate Wagon UltimateSpecs	高车顶wagon	可入库	无可用尺码	长度超 3XXXL 2.5 in、宽度超 3XL+ 1.3 in
split_part_06_result.md	Buick LeSabre	Buick	两厢车	Buick LeSabre	Wagon	Std.	gen5 downsized full-size	1982			220.5	79.3	59.4	1982 Buick LeSabre Estate Wagon UltimateSpecs	高车顶wagon	可入库	无可用尺码	长度超 3XXXL 2.5 in、宽度超 3XL+ 1.3 in
split_part_06_result.md	Buick LeSabre	Buick	两厢车	Buick LeSabre	Wagon	Std.	gen5 downsized full-size	1983			220.5	79.3	59.1	1983 Buick LeSabre Estate Wagon Automobile-Catalog	高车顶wagon	可入库	无可用尺码	长度超 3XXXL 2.5 in、宽度超 3XL+ 1.3 in
split_part_06_result.md	Buick LeSabre	Buick	两厢车	Buick LeSabre	Wagon	Std.	gen5 downsized full-size	1984						高车顶wagon	剔除: 1984 LeSabre Wagon未生产
split_part_06_result.md	Buick LeSabre	Buick	两厢车	Buick LeSabre	Wagon	Std.	gen5 downsized full-size	1985			220.3	79.8	58.5	1985 Buick LeSabre Estate Wagon Automobile-Catalog / UltimateSpecs	高车顶wagon	可入库	无可用尺码	长度超 3XXXL 2.3 in、宽度超 3XL+ 1.8 in
split_part_06_result.md	Buick LeSabre	Buick	三厢车	Buick LeSabre	Sedan	Std.	gen6 full-size	1986			196.2	72.1	55.5	1986 Buick LeSabre Sedan UltimateSpecs	早期FWD sedan	可入库	3XL+
split_part_06_result.md	Buick LeSabre	Buick	三厢车	Buick LeSabre	Sedan	Std.	gen6 full-size	1987			196.5	72.1	55.5	1987 Buick LeSabre Sedan UltimateSpecs	早期FWD sedan	可入库	3XL+
split_part_06_result.md	Buick LeSabre	Buick	三厢车	Buick LeSabre	Sedan	Std.	gen6 full-size	1988			196.5	72.4	55.4	1988 Buick LeSabre Sedan AutoDetective	早期FWD sedan	可入库	3XL+
split_part_06_result.md	Buick LeSabre	Buick	三厢车	Buick LeSabre	Sedan	Std.	gen6 full-size	1989			196.9	72.4	54.9	1989 Buick LeSabre Sedan Automobile-Catalog	FWD缩小	待终核: 1989长度来源差异	3XL+
split_part_06_result.md	Buick LeSabre	Buick	三厢车	Buick LeSabre	Sedan	Std.	gen6 full-size	1990			196.5	72.4	54.9	1990 Buick LeSabre Sedan Edmunds	FWD缩小	可入库	3XL+
split_part_06_result.md	Buick LeSabre	Buick	三厢车	Buick LeSabre	Sedan	Std.	gen6 full-size	1991			196.5	72.4	54.6	1991 Buick LeSabre Sedan Edmunds	FWD缩小	可入库	3XL+
split_part_06_result.md	Buick LeSabre	Buick	跑车	Buick LeSabre	Coupe	Std.	gen6 full-size	1986			196.5	72.1	54.7	1986 Buick LeSabre Coupe Carfolio	FWD coupe低车顶	可入库	3XL+
split_part_06_result.md	Buick LeSabre	Buick	跑车	Buick LeSabre	Coupe	Std.	gen6 full-size	1987-1988			196.9	72.4	54.7	1987-1988 Buick LeSabre Coupe UltimateSpecs / proxy cross-check	FWD coupe低车顶	可入库	3XL+
split_part_06_result.md	Buick LeSabre	Buick	跑车	Buick LeSabre	Coupe	Std.	gen6 full-size	1989			196.9	72.4	54.7	1989 Buick LeSabre T-Type Coupe Automobile-Catalog	FWD coupe低车顶	可入库	3XL+
split_part_06_result.md	Buick LeSabre	Buick	跑车	Buick LeSabre	Coupe	Std.	gen6 full-size	1990-1991			196.5	72.4	53.8	1990 Buick LeSabre Coupe AutoDetective / 1991 Buick LeSabre Coupe Edmunds	FWD coupe低车顶	可入库	3XL+
split_part_06_result.md	Buick LeSabre	Buick	三厢车	Buick LeSabre	Sedan	Std.	gen7 full-size	1992-1996			200	74.9	55.7	1992/1996 Buick LeSabre Sedan Edmunds	sedan	可入库	3XL+
split_part_06_result.md	Buick LeSabre	Buick	三厢车	Buick LeSabre	Sedan	Std.	gen7 full-size	1997-1999			200.8	74.4	55.6	1997-1999 Buick LeSabre Sedan Edmunds	小改款	可入库	3XL+
split_part_06_result.md	Buick LeSabre	Buick	三厢车	Buick LeSabre	Sedan	Std.	gen8 full-size	2000-2005			200	73.5	57	2000-2005 Buick LeSabre Sedan Edmunds	末代sedan	可入库	3XL+
split_part_06_result.md	Buick Lucerne	Buick	三厢车	Buick Lucerne	Sedan	Std.	gen1 full-size sedan	2006-2011			203.2	73.8	58	2006-2011 Buick Lucerne Sedan Edmunds	大型轿车	可入库	3XXL
split_part_06_result.md	Buick Park Avenue	Buick	三厢车	Buick Park Avenue	Sedan	Std.	gen1 full-size luxury	1991			205.2	74.9	55.7	1991 Buick Park Avenue Edmunds / Automobile-Catalog width cross-check	早期FWD luxury sedan；A-C宽度73.6但Edmunds写w/o 74.9	可入库	3XXL
split_part_06_result.md	Buick Park Avenue	Buick	三厢车	Buick Park Avenue	Sedan	Std.	gen1 full-size luxury	1992			205.3	73.6	55.1	1992 Buick Park Avenue Edmunds	大型FWD sedan	可入库	3XXL
split_part_06_result.md	Buick Park Avenue	Buick	三厢车	Buick Park Avenue	Sedan	Std.	gen1 full-size luxury	1993			205.2	74.9	55.1	1993 Buick Park Avenue Edmunds	大型FWD sedan	可入库	3XXL
split_part_06_result.md	Buick Park Avenue	Buick	三厢车	Buick Park Avenue	Sedan	Std.	gen1 full-size luxury	1994			205.2	73.6	55.1	1994 Buick Park Avenue Edmunds	大型FWD sedan	可入库	3XXL
split_part_06_result.md	Buick Park Avenue	Buick	三厢车	Buick Park Avenue	Sedan	Std.	gen1 full-size luxury	1995-1996			205.9	74.1	55.1	1995-1996 Buick Park Avenue Edmunds	大型FWD sedan	可入库	3XXL
split_part_06_result.md	Buick Park Avenue	Buick	三厢车	Buick Park Avenue	Sedan	Std.	gen2 full-size luxury	1997-1998			206.8	74.7	57.4	1997-1998 Buick Park Avenue Edmunds	高度增加	可入库	3XXL
split_part_06_result.md	Buick Park Avenue	Buick	三厢车	Buick Park Avenue	Sedan	Std.	gen2 full-size luxury	1999			206.8	74.4	57.4	1999 Buick Park Avenue Edmunds	高度增加	可入库	3XXL
split_part_06_result.md	Buick Park Avenue	Buick	三厢车	Buick Park Avenue	Sedan	Std.	gen2 full-size luxury	2000-2005			206.8	74.7	57.4	2000-2005 Buick Park Avenue Edmunds	高度增加	可入库	3XXL
split_part_06_result.md	Buick Rainier	Buick	越野车	Buick Rainier	SUV	Std.	gen1 midsize SUV	2004-2007			193.4	75.4	74.5	2004-2007 Buick Rainier Edmunds	中型SUV	可入库	YXXL
split_part_07_result.md	Buick Rendezvous	Buick	越野车		CUV	Std.	gen1 midsize crossover	2002-2007			186.5	73.6	68.9	2002-2007 Buick Rendezvous CUV	中型crossover	可入库
split_part_07_result.md	Buick Riviera	Buick	跑车		Coupe	Std.	gen1 personal luxury	1963			208	76.3	53	1963 Buick Riviera Coupe	早期personal luxury coupe	可入库
split_part_07_result.md	Buick Riviera	Buick	跑车		Coupe	Std.	gen1 personal luxury	1964-1965			208	76.6	53	1964-1965 Buick Riviera Coupe	早期personal luxury coupe	可入库
split_part_07_result.md	Buick Riviera	Buick	跑车		Coupe	Std.	gen2 personal luxury	1966			211.2	78.8	53.2	1966 Buick Riviera Coupe	personal luxury coupe	可入库
split_part_07_result.md	Buick Riviera	Buick	跑车		Coupe	Std.	gen2 personal luxury	1967-1968			211.3	78.8	53.2	1967/1968 Buick Riviera Coupe	personal luxury coupe	可入库
split_part_07_result.md	Buick Riviera	Buick	跑车		Coupe	Std.	gen2 personal luxury	1969			215.2	78.8	53.2	1969 Buick Riviera Coupe	personal luxury coupe	可入库
split_part_07_result.md	Buick Riviera	Buick	跑车		Coupe	Std.	gen2 personal luxury	1970			215.5	79.3	53.2	1970 Buick Riviera Coupe	personal luxury coupe	可入库
split_part_07_result.md	Buick Riviera	Buick	跑车		Coupe	Std.	gen3 personal luxury	1971			217.4	79.9	54	1971 Buick Riviera Coupe	boattail coupe	可入库
split_part_07_result.md	Buick Riviera	Buick	跑车		Coupe	Std.	gen3 personal luxury	1972			218.3	80	54	1972 Buick Riviera Coupe	boattail coupe	可入库
split_part_07_result.md	Buick Riviera	Buick	跑车		Coupe	Std.	gen3 personal luxury	1973			223.4	80	54	1973 Buick Riviera Coupe	boattail coupe	可入库
split_part_07_result.md	Buick Riviera	Buick	跑车		Coupe	Std.	gen4 personal luxury	1974			226.4	80	53.7	1974 Buick Riviera Coupe	personal luxury coupe	可入库
split_part_07_result.md	Buick Riviera	Buick	跑车		Coupe	Std.	gen4 personal luxury	1975			223	80	53.7	1975 Buick Riviera Coupe	personal luxury coupe	可入库
split_part_07_result.md	Buick Riviera	Buick	跑车		Coupe	Std.	gen4 personal luxury	1976			218.6	79.9	53	1976 Buick Riviera Coupe	personal luxury coupe	可入库
split_part_07_result.md	Buick Riviera	Buick	跑车		Coupe	Std.	gen5 personal luxury	1977			218.2	77.2	54.6	1977 Buick Riviera Coupe	downsized前短期款	可入库
split_part_07_result.md	Buick Riviera	Buick	跑车		Coupe	Std.	gen5 personal luxury	1978			218.2	77.2	55	1978 Buick Riviera Coupe	downsized前短期款	可入库
split_part_07_result.md	Buick Riviera	Buick	跑车		Coupe	Std.	gen6 personal luxury	1979-1980			206.6	72.7	54.3	1979-1980 Buick Riviera Coupe	FWD personal luxury coupe	可入库
split_part_07_result.md	Buick Riviera	Buick	跑车		Coupe	Std.	gen6 personal luxury	1981			206.6	71.5	54.3	1981 Buick Riviera 5.0L V-8 Coupe	FWD personal luxury coupe	可入库
split_part_07_result.md	Buick Riviera	Buick	跑车		Coupe	Std.	gen6 personal luxury	1982-1983			206.6	72.7	54.3	1982-1983 Buick Riviera Coupe	FWD personal luxury coupe	可入库
split_part_07_result.md	Buick Riviera	Buick	跑车		Coupe	Std.	gen6 personal luxury	1984			206.6	72.8	54.3	1984 Buick Riviera Coupe	FWD personal luxury coupe	可入库
split_part_07_result.md	Buick Riviera	Buick	跑车		Coupe	Std.	gen6 personal luxury	1985			206.6	72.8	54.3	1985 Buick Riviera Coupe / T-Type Coupe	FWD personal luxury coupe	可入库
split_part_07_result.md	Buick Riviera	Buick	跑车		Coupe	Std.	gen7 personal luxury	1986			198.3	73.1	52.9	1986 Buick Riviera Coupe	downsized FWD coupe	可入库
split_part_07_result.md	Buick Riviera	Buick	跑车		Coupe	Std.	gen7 personal luxury	1987-1988			198.3	73.1	52.9	1987-1988 Buick Riviera Coupe	downsized FWD coupe	可入库
split_part_07_result.md	Buick Riviera	Buick	跑车		Coupe	Std.	gen7 personal luxury	1989-1991			198.3	71.7	53.6	1989-1991 Buick Riviera Coupe	downsized FWD coupe	可入库
split_part_07_result.md	Buick Riviera	Buick	跑车		Coupe	Std.	gen7 personal luxury	1992			198.3	73.1	52.9	1992 Buick Riviera Coupe	downsized FWD coupe	可入库
split_part_07_result.md	Buick Riviera	Buick	跑车		Coupe	Std.	gen7 personal luxury	1993			198.2	73.1	52.9	1993 Buick Riviera Coupe	downsized FWD coupe	可入库
split_part_07_result.md	Buick Riviera	Buick	跑车		Coupe	Std.	gen8 personal luxury	1996-1999			207.2	75	54.6	1996-1999 Buick Riviera Coupe	末代coupe	可入库
split_part_07_result.md	Buick Roadmaster	Buick	三厢车		Sedan	Std.	gen1 full-size	1936			210.3	75	69.5	1936 Buick Roadmaster Sedan	早期全尺寸sedan	可入库
split_part_07_result.md	Buick Roadmaster	Buick	三厢车		Sedan	Std.	gen1 full-size	1937			210.3	75	68	1937 Buick Roadmaster Sedan	早期全尺寸sedan	可入库
split_part_07_result.md	Buick Roadmaster	Buick	跑车		Coupe	Std.	gen1 full-size	1936-1937			210.3	75	68	1936-1937 Buick Roadmaster Coupe	早期全尺寸coupe	可入库
split_part_07_result.md	Buick Roadmaster	Buick	三厢车		Sedan	Std.	gen2 full-size	1938-1939			213.3	75.5	68	1938-1939 Buick Roadmaster Sedan	战前全尺寸sedan	可入库
split_part_07_result.md	Buick Roadmaster	Buick	跑车		Coupe	Std.	gen2 full-size	1938-1939			213.3	75.5	68	1938-1939 Buick Roadmaster Coupe	战前全尺寸coupe	可入库
split_part_07_result.md	Buick Roadmaster	Buick	三厢车		Sedan	Std.	gen3 full-size	1940			214	75.8	66.1	1940 Buick Series 70 Roadmaster Touring Sedan	战前全尺寸sedan	可入库
split_part_07_result.md	Buick Roadmaster	Buick	跑车		Coupe	Std.	gen3 full-size	1940			214	75.8	66.1	1940 Buick Series 70 Roadmaster Sport Coupe	战前全尺寸coupe	可入库
split_part_07_result.md	Buick Roadmaster	Buick	跑车		Convertible	Std.	gen3 full-size	1940			214	75.8	66.1	1940 Buick Series 70 Roadmaster Convertible Coupe	早期敞篷	可入库
split_part_07_result.md	Buick Roadmaster	Buick	三厢车		Sedan	Std.	gen3 full-size	1941			215	76.5	66.1	1941 Buick Roadmaster Sedan	战前全尺寸sedan	可入库
split_part_07_result.md	Buick Roadmaster	Buick	跑车		Coupe	Std.	gen3 full-size	1941			215	76.5	66.1	1941 Buick Roadmaster Coupe	战前全尺寸coupe	可入库
split_part_07_result.md	Buick Roadmaster	Buick	跑车		Convertible	Std.	gen3 full-size	1941			215	76.5	66.1	1941 Buick Roadmaster Convertible	早期敞篷	可入库
split_part_07_result.md	Buick Roadmaster	Buick	三厢车		Sedan	Std.	gen3 full-size	1942			217	76.5	66.1	1942 Buick Roadmaster Series 70 Sedan	战时前全尺寸sedan	可入库
split_part_07_result.md	Buick Roadmaster	Buick	跑车		Coupe	Std.	gen3 full-size	1942			217	76.5	66.1	1942 Buick Roadmaster Series 70 Coupe	战时前全尺寸coupe	可入库
split_part_07_result.md	Buick Roadmaster	Buick	跑车		Convertible	Std.	gen3 full-size	1942			217	76.5	66.1	1942 Buick Roadmaster Series 70 Convertible	早期敞篷	可入库
split_part_07_result.md	Buick Roadmaster	Buick	三厢车		Sedan	Std.	gen3 full-size	1946			217.1	78.6	65.2	1946 Buick Roadmaster Sedan	战后全尺寸sedan	可入库
split_part_07_result.md	Buick Roadmaster	Buick	跑车		Coupe	Std.	gen3 full-size	1946			217.1	78.6	65.2	1946 Buick Roadmaster Coupe	战后全尺寸coupe	可入库
split_part_07_result.md	Buick Roadmaster	Buick	跑车		Convertible	Std.	gen3 full-size	1946			217.1	78.6	65.2	1946 Buick Roadmaster Convertible	早期敞篷	可入库
split_part_07_result.md	Buick Roadmaster	Buick	三厢车		Sedan	Std.	gen3 full-size	1947			217.1	78.6	65.2	1947 Buick Roadmaster Sedan	战后全尺寸sedan	可入库
split_part_07_result.md	Buick Roadmaster	Buick	跑车		Coupe	Std.	gen3 full-size	1947			217.1	78.6	65.2	1947 Buick Roadmaster Coupe	战后全尺寸coupe	可入库
split_part_07_result.md	Buick Roadmaster	Buick	跑车		Convertible	Std.	gen3 full-size	1947			217.1	78.6	65.2	1947 Buick Roadmaster Convertible	早期敞篷	可入库
split_part_07_result.md	Buick Roadmaster	Buick	三厢车		Sedan	Std.	gen3 full-size	1948			217.5	78.625	65.14	1948 Buick Series 70 Roadmaster Sedan, Automobile-Catalog w/o mirrors	战后全尺寸sedan	可入库
split_part_07_result.md	Buick Roadmaster	Buick	跑车		Coupe	Std.	gen3 full-size	1948			217.5	80	64.8	1948 Buick Series 70 Roadmaster Coupe	战后全尺寸coupe	可入库
split_part_07_result.md	Buick Roadmaster	Buick	跑车		Convertible	Std.	gen3 full-size	1948			217.5	78.625	65.14	1948 Buick Series 70 Roadmaster Convertible, Automobile-Catalog w/o mirrors	早期敞篷	可入库
split_part_07_result.md	Buick Roadmaster	Buick	三厢车		Sedan	Std.	gen4 full-size	1949			214.9	78.5	64.6	1949 Buick Roadmaster Sedan	全尺寸sedan	可入库
split_part_07_result.md	Buick Roadmaster	Buick	三厢车		Sedan	Std.	gen4 full-size	1950			208.7	80	64.4	1950 Buick Roadmaster 130 Tourback Sedan	全尺寸sedan	可入库
split_part_07_result.md	Buick Roadmaster	Buick	三厢车		Sedan	Std.	gen4 full-size	1951			215	80	62.8	1951 Buick Roadmaster Riviera Sedan	全尺寸sedan	可入库
split_part_07_result.md	Buick Roadmaster	Buick	三厢车		Sedan	Std.	gen4 full-size	1952			215	80	62.8	1952 Buick Roadmaster Riviera Sedan	全尺寸sedan	可入库
split_part_07_result.md	Buick Roadmaster	Buick	跑车		Coupe	Std.	gen4 full-size	1949			214.9	78.5	64.6	1949 Buick Roadmaster Coupe	全尺寸coupe	可入库
split_part_07_result.md	Buick Roadmaster	Buick	跑车		Coupe	Std.	gen4 full-size	1950			210.9	80	62.2	1950 Buick Roadmaster Coupe	全尺寸coupe	可入库
split_part_07_result.md	Buick Roadmaster	Buick	跑车		Coupe	Std.	gen4 full-size	1951-1952			211	80	62.8	1951-1952 Buick Roadmaster Coupe	全尺寸coupe	可入库
split_part_07_result.md	Buick Roadmaster	Buick	跑车		Convertible	Std.	gen4 full-size	1951			211	80	64.6	1951 Buick Roadmaster Convertible	短轴敞篷	可入库
split_part_07_result.md	Buick Roadmaster	Buick	跑车		Convertible	Std.	gen4 full-size	1952			211	80	64.6	1952 Buick Roadmaster Convertible	短轴敞篷	可入库
split_part_07_result.md	Buick Roadmaster	Buick	三厢车		Sedan	Std.	gen5 full-size	1953			207.6	79.9	62.8	1953 Buick Series 70 Roadmaster Sedan	全尺寸sedan	可入库
split_part_07_result.md	Buick Roadmaster	Buick	三厢车		Sedan	Std.	gen5 full-size	1954			216.7	80	62.6	1954 Buick Roadmaster Riviera Sedan Model 72R	全尺寸sedan	可入库
split_part_07_result.md	Buick Roadmaster	Buick	三厢车		Sedan	Std.	gen5 full-size	1955			215.9	80	62.6	1955 Buick Roadmaster Sedan	全尺寸sedan	可入库
split_part_07_result.md	Buick Roadmaster	Buick	三厢车		Sedan	Std.	gen5 full-size	1956			213.6	80	60.4	1956 Buick Roadmaster Sedan Model 72	全尺寸sedan	可入库
split_part_07_result.md	Buick Roadmaster	Buick	跑车		Coupe	Std.	gen5 full-size	1953			207.6	79.9	62.8	1953 Buick Roadmaster Riviera Coupe	全尺寸coupe	可入库
split_part_07_result.md	Buick Roadmaster	Buick	跑车		Coupe	Std.	gen5 full-size	1954			216.8	80	62.6	1954 Buick Roadmaster Hardtop Coupe	全尺寸coupe	可入库
split_part_07_result.md	Buick Roadmaster	Buick	跑车		Coupe	Std.	gen5 full-size	1955			215.9	80	62.6	1955 Buick Roadmaster Hardtop Coupe	全尺寸coupe	可入库
split_part_07_result.md	Buick Roadmaster	Buick	跑车		Coupe	Std.	gen5 full-size	1956			213.6	80	60.2	1956 Buick Roadmaster Coupe	全尺寸coupe	可入库
split_part_07_result.md	Buick Roadmaster	Buick	跑车		Convertible	Std.	gen5 full-size	1953			207.6	79.9	62.8	1953 Buick Series 70 Roadmaster Convertible	全尺寸convertible	可入库
split_part_07_result.md	Buick Roadmaster	Buick	跑车		Convertible	Std.	gen5 full-size	1954			216.8	80	62.6	1954 Buick Roadmaster Convertible	全尺寸convertible	可入库
split_part_07_result.md	Buick Roadmaster	Buick	跑车		Convertible	Std.	gen5 full-size	1955			215.9	80	62.6	1955 Buick Roadmaster Convertible	全尺寸convertible	可入库
split_part_07_result.md	Buick Roadmaster	Buick	跑车		Convertible	Std.	gen5 full-size	1956			213.6	80	60.2	1956 Buick Roadmaster Convertible	全尺寸convertible	可入库
split_part_07_result.md	Buick Roadmaster	Buick	三厢车		Sedan	Std.	gen6 full-size	1957			215.3	77.6	58.7	1957 Buick Roadmaster Sedan	末期经典全尺寸sedan	可入库
split_part_07_result.md	Buick Roadmaster	Buick	三厢车		Sedan	Std.	gen6 full-size	1958			219.1	79.8	60	1958 Buick Series 75 Roadmaster Hardtop Sedan	末期经典全尺寸sedan	可入库
split_part_07_result.md	Buick Roadmaster	Buick	跑车		Coupe	Std.	gen6 full-size	1957			215.3	77.6	58.7	1957 Buick Roadmaster Hardtop Coupe	末期经典全尺寸coupe	可入库
split_part_07_result.md	Buick Roadmaster	Buick	跑车		Coupe	Std.	gen6 full-size	1958			219.1	79.8	60	1958 Buick Series 75 Roadmaster 2-Door Hardtop	末期经典全尺寸coupe	可入库
split_part_07_result.md	Buick Roadmaster	Buick	跑车		Convertible	Std.	gen6 full-size	1957			215.3	77.6	59.29	1957 Buick Roadmaster Convertible	末期经典敞篷	可入库
split_part_07_result.md	Buick Roadmaster	Buick	跑车		Convertible	Std.	gen6 full-size	1958			219.1	79.8	60	1958 Buick Series 75 Roadmaster Convertible Coupe	末期经典敞篷	可入库
split_part_07_result.md	Buick Roadmaster	Buick	三厢车		Sedan	Std.	gen7 full-size	1992-1996			215.8	78.1	55.9	1992-1996 Buick Roadmaster Sedan	RWD sedan	可入库
split_part_07_result.md	Buick Roadmaster	Buick	两厢车		Wagon	Std.	gen7 full-size	1991			217.5	78.9	60.1	1991 Buick Roadmaster Estate Wagon	wgn更高	可入库
split_part_07_result.md	Buick Roadmaster	Buick	两厢车		Wagon	Std.	gen7 full-size	1992-1996			217.7	79.9	60.3	1992-1996 Buick Roadmaster Estate Wagon	wgn更高	可入库
split_part_07_result.md	Buick Skylark	Buick	跑车		Convertible	Std.	gen1 personal luxury	1953			207.6	79.9	58.9	1953 Buick Series 70 Skylark Convertible	早期限量敞篷	可入库
split_part_07_result.md	Buick Skylark	Buick	跑车		Convertible	Std.	gen1 personal luxury	1954			206.3	76.8	60.2	1954 Buick Skylark Convertible Model 100	早期限量敞篷	可入库
split_part_07_result.md	Buick Skylark	Buick	跑车		Convertible	Std.	gen2 mid-size	1965/1967			203.4	73.6	54	1965/1967 Buick Skylark Convertible	A-body敞篷	可入库
split_part_07_result.md	Buick Skylark	Buick	跑车		Convertible	Std.	gen2 mid-size	1966			204	75.5	54.3	1966 Buick Skylark Convertible	A-body敞篷	可入库
split_part_07_result.md	Buick Skylark	Buick	跑车		Convertible	Std.	gen3 mid-size	1970-1972			203.3	76.8	53.8	1970-1972 Buick Skylark Convertible	敞篷低车身	可入库
split_part_07_result.md	Buick Skylark	Buick	跑车		Coupe	Std.	gen2 mid-size	1965/1967			203.4	73.6	54	1965/1967 Buick Skylark Coupe	A-body	可入库
split_part_07_result.md	Buick Skylark	Buick	跑车		Coupe	Std.	gen2 mid-size	1966			204	75.5	54.3	1966 Buick Skylark Coupe	A-body	可入库
split_part_07_result.md	Buick Skylark	Buick	跑车		Coupe	Std.	gen3 mid-size	1970			206.3	77.3	54.2	1970 Buick Skylark Custom Coupe	宽体A-body	可入库
split_part_07_result.md	Buick Skylark	Buick	跑车		Coupe	Std.	gen3 mid-size	1971			203.2	77.3	54.2	1971 Buick Skylark 2-Door Coupe	A-body coupe	可入库
split_part_07_result.md	Buick Skylark	Buick	跑车		Coupe	Std.	gen3 mid-size	1972			206.3	77.3	54.2	1972 Buick Skylark Coupe	宽体A-body	可入库
split_part_07_result.md	Buick Skylark	Buick	跑车		Coupe	Std.	gen4 compact	1975			200.3	69.9	53.2	1975 Buick Skylark Coupe	X-body低车身coupe	可入库
split_part_07_result.md	Buick Skylark	Buick	跑车		Coupe	Std.	gen4 compact	1976			200.3	72.7	52.1	1976 Buick Skylark 2-Door Coupe	X-body低车身coupe	可入库
split_part_07_result.md	Buick Skylark	Buick	跑车		Coupe	Std.	gen4 compact	1977-1979			200.2	72.7	52.2	1977-1979 Buick Skylark Coupe	X-body低车身coupe	可入库
split_part_07_result.md	Buick Skylark	Buick	跑车		Coupe	Std.	gen5 compact	1980-1984			181.9	69.1	53.7	1980-1984 Buick Skylark Coupe	FWD X-body	可入库
split_part_07_result.md	Buick Skylark	Buick	跑车		Coupe	Std.	gen5 compact	1985			181.1	69.1	53.6	1985 Buick Skylark Coupe	FWD X-body末年	可入库
split_part_07_result.md	Buick Skylark	Buick	跑车		Coupe	Std.	gen6 compact	1986			180	66	52	1986 Buick Skylark Coupe	N-body初期	可入库
split_part_07_result.md	Buick Skylark	Buick	跑车		Coupe	Std.	gen6 compact	1987			180.1	66.6	52.1	1987 Buick Skylark Coupe	N-body初期	可入库
split_part_07_result.md	Buick Skylark	Buick	跑车		Coupe	Std.	gen6 compact	1988			180.1	66.6	52.2	1988 Buick Skylark Coupe	N-body初期	可入库
split_part_07_result.md	Buick Skylark	Buick	跑车		Coupe	Std.	gen6 compact	1989			180.1	66.7	52.2	1989 Buick Skylark Coupe	N-body初期	可入库
split_part_07_result.md	Buick Skylark	Buick	跑车		Coupe	Std.	gen6 compact	1990-1991			180	66.6	52.1	1990-1991 Buick Skylark Coupe	N-body初期	可入库
split_part_07_result.md	Buick Skylark	Buick	跑车		Coupe	Std.	gen7 compact	1992			189.2	67.5	52.2	1992 Buick Skylark Coupe	首年N-body新外观	可入库
split_part_07_result.md	Buick Skylark	Buick	跑车		Coupe	Std.	gen7 compact	1993			189.1	67.5	53.2	1993 Buick Skylark Coupe	1993高度变化	可入库
split_part_07_result.md	Buick Skylark	Buick	跑车		Coupe	Std.	gen7 compact	1994			198.1	67.5	53.2	1994 Buick Skylark Coupe	1994偏长	可入库
split_part_07_result.md	Buick Skylark	Buick	跑车		Coupe	Std.	gen7 facelift compact	1995			189.2	68.7	53.5	1995 Buick Skylark Coupe	后期coupe	可入库
split_part_07_result.md	Buick Skylark	Buick	跑车		Coupe	Std.	gen7 facelift compact	1996			189.1	68.7	53.2	1996 Buick Skylark Coupe	后期coupe	可入库
split_part_07_result.md	Buick Skylark	Buick	跑车		Coupe	Std.	gen7 facelift compact	1997			188.5	68.2	53.5	1997 Buick Skylark Coupe	末期coupe	可入库
split_part_07_result.md	Buick Skylark	Buick	两厢车		Hatchback	Std.	gen4 compact	1975			200.3	69.9	53.2	1975 Buick Skylark Hatchback Coupe	X-body hatchback	可入库
split_part_07_result.md	Buick Skylark	Buick	两厢车		Hatchback	Std.	gen4 compact	1976			200.3	72.7	52.1	1976 Buick Skylark Hatchback Coupe	X-body hatchback	可入库
split_part_07_result.md	Buick Skylark	Buick	两厢车		Hatchback	Std.	gen4 compact	1977-1979			200.2	72.7	52.2	1977-1979 Buick Skylark Hatchback Coupe	X-body hatchback	可入库
split_part_07_result.md	Buick Skylark	Buick	三厢车		Sedan	Std.	gen2 mid-size	1965/1967			203.4	73.6	54	1965/1967 Buick Skylark Sedan	A-body	可入库
split_part_07_result.md	Buick Skylark	Buick	三厢车		Sedan	Std.	gen2 mid-size	1966			204	75.5	54.3	1966 Buick Skylark Sedan	A-body	可入库
split_part_07_result.md	Buick Skylark	Buick	三厢车		Sedan	Std.	gen3 mid-size	1968			204.7	75.6	54.1	1968 Buick Skylark 4-Door Sedan	A-body sedan	可入库
split_part_07_result.md	Buick Skylark	Buick	三厢车		Sedan	Std.	gen3 mid-size	1969			204.7	75.6	54.1	1969 Buick Skylark 4-Door Sedan	A-body sedan	可入库
split_part_07_result.md	Buick Skylark	Buick	三厢车		Sedan	Std.	gen3 mid-size	1970			206.3	77.2	54	1970 Buick Skylark Custom Sedan	A-body sedan	可入库
split_part_07_result.md	Buick Skylark	Buick	三厢车		Sedan	Std.	gen3 mid-size	1971			207.2	77.3	54.3	1971 Buick Skylark 4-Door Sedan	A-body sedan	可入库
split_part_07_result.md	Buick Skylark	Buick	三厢车		Sedan	Std.	gen3 mid-size	1972			207.3	76.8	54.3	1972 Buick Skylark 4-Door Sedan	A-body sedan	可入库
split_part_07_result.md	Buick Skylark	Buick	三厢车		Sedan	Std.	gen4 compact	1975			200.3	72.8	53.2	1975 Buick Skylark Sedan	X-body sedan	可入库
split_part_07_result.md	Buick Skylark	Buick	三厢车		Sedan	Std.	gen4 compact	1976			200.3	72.7	53.1	1976 Buick Skylark 4-Door Sedan	X-body sedan	可入库
split_part_07_result.md	Buick Skylark	Buick	三厢车		Sedan	Std.	gen4 compact	1977			200.3	72.8	53.2	1977 Buick Skylark Sedan	X-body sedan	可入库
split_part_07_result.md	Buick Skylark	Buick	三厢车		Sedan	Std.	gen4 compact	1978			200.2	72.7	53.1	1978 Buick Skylark 4-Door Sedan	X-body sedan	可入库
split_part_07_result.md	Buick Skylark	Buick	三厢车		Sedan	Std.	gen4 compact	1979			200.2	72.7	53.1	1979 Buick Skylark Sedan	X-body sedan	可入库
split_part_07_result.md	Buick Skylark	Buick	三厢车		Sedan	Std.	gen5 compact	1980-1984			181.9	69.1	53.7	1980-1984 Buick Skylark Sedan	FWD X-body	可入库
split_part_07_result.md	Buick Skylark	Buick	三厢车		Sedan	Std.	gen5 compact	1985			181.1	69.1	53.6	1985 Buick Skylark Limited Sedan	FWD X-body末年	可入库
split_part_07_result.md	Buick Skylark	Buick	三厢车		Sedan	Std.	gen6 compact	1986			180	66	52	1986 Buick Skylark Sedan	N-body初期	可入库
split_part_07_result.md	Buick Skylark	Buick	三厢车		Sedan	Std.	gen6 compact	1987			180.1	66.6	52.1	1987 Buick Skylark Sedan	N-body初期	可入库
split_part_07_result.md	Buick Skylark	Buick	三厢车		Sedan	Std.	gen6 compact	1988			180.1	66.6	52.2	1988 Buick Skylark Sedan	N-body初期	可入库
split_part_07_result.md	Buick Skylark	Buick	三厢车		Sedan	Std.	gen6 compact	1989			180.1	66.7	52.2	1989 Buick Skylark Sedan	N-body初期	可入库
split_part_07_result.md	Buick Skylark	Buick	三厢车		Sedan	Std.	gen6 compact	1990-1991			180	66.6	52.1	1990-1991 Buick Skylark Sedan	N-body初期	可入库
split_part_07_result.md	Buick Skylark	Buick	三厢车		Sedan	Std.	gen7 compact	1992			189.2	67.5	52.2	1992 Buick Skylark Sedan	首年N-body新外观	可入库
split_part_07_result.md	Buick Skylark	Buick	三厢车		Sedan	Std.	gen7 compact	1993			189.1	67.5	53.2	1993 Buick Skylark Sedan	1993高度变化	可入库
split_part_07_result.md	Buick Skylark	Buick	三厢车		Sedan	Std.	gen7 compact	1994			198.1	67.5	53.2	1994 Buick Skylark Sedan	1994偏长	可入库
split_part_07_result.md	Buick Skylark	Buick	三厢车		Sedan	Std.	gen7 facelift compact	1995			189.2	68.7	53.5	1995 Buick Skylark Sedan	后期sedan	可入库
split_part_07_result.md	Buick Skylark	Buick	三厢车		Sedan	Std.	gen7 facelift compact	1996			189.1	68.7	53.2	1996 Buick Skylark Sedan	后期sedan	可入库
split_part_07_result.md	Buick Skylark	Buick	三厢车		Sedan	Std.	gen7 facelift compact	1997-1998			188.5	68.2	53.5	1997-1998 Buick Skylark Sedan	末期sedan；1998 fleet为主	可入库
split_part_07_result.md	Buick Skylark	Buick	两厢车		Wagon	Std.	gen3 mid-size	1969-1972			213.7	76.8	54.8	1969-1972 Buick Skylark Sportwagon	长车顶	可入库
split_part_08_result.md	Cadillac ATS	Cadillac	跑车		Coupe	inc: ATS-V	gen1 compact coupe	2015-2019			184.7	72.5	55.3	2015-2019 Cadillac ATS Coupe / ATS-V Coupe	双门轿跑	可入库
split_part_08_result.md	Cadillac ATS	Cadillac	三厢车		Sedan	Std.	gen1 compact sedan	2013-2018			182.8	71.1	56.4	2013-2018 Cadillac ATS Sedan	紧凑轿车	可入库
split_part_08_result.md	Cadillac ATS	Cadillac	三厢车		Sedan	inc: ATS-V	gen1 compact sport sedan	2016-2019			184	71.3	55.7	2016-2019 Cadillac ATS-V Sedan	高性能紧凑轿车	可入库
split_part_08_result.md	Cadillac CT4	Cadillac	三厢车		Sedan	inc: V/Blackwing	gen1 compact sedan	2020-2026			187.6	71.4	56	2020-2026 Cadillac CT4 / CT4-V / CT4-V Blackwing	紧凑轿车	可入库
split_part_08_result.md	Cadillac CT5	Cadillac	三厢车		Sedan	Std.	gen1 midsize sedan	2020-2024			193.8	74.1	57.2	2020-2024 Cadillac CT5 / CT5-V	中型轿车	可入库
split_part_08_result.md	Cadillac CT5	Cadillac	三厢车		Sedan	Std.	gen1 midsize sedan facelift	2025-2026			193.8	74.1	57.2	2025-2026 Cadillac CT5 / CT5-V	中型轿车	可入库
split_part_08_result.md	Cadillac CT5	Cadillac	三厢车		Sedan	Blackwing	gen1 midsize sport sedan facelift	2025-2026			194.9	74.1	56.5	2025-2026 Cadillac CT5-V Blackwing	高性能中型轿车	可入库
split_part_08_result.md	Cadillac CT6	Cadillac	三厢车		Sedan	Std.	gen1 full-size sedan	2016			204	74	57.9	2016 Cadillac CT6	大型轿车	可入库
split_part_08_result.md	Cadillac CT6	Cadillac	三厢车		Sedan	Std.	gen1 full-size sedan	2017-2018			204.1	74	58	2017-2018 Cadillac CT6	大型轿车	可入库
split_part_08_result.md	Cadillac CT6	Cadillac	三厢车		Sedan	PHEV	gen1 full-size sedan	2017-2018			204.1	74	58	2017-2018 Cadillac CT6 PHEV	大型插混轿车	可入库
split_part_08_result.md	Cadillac CT6	Cadillac	三厢车		Sedan	Std.	gen1 full-size sedan facelift	2019-2020			205.8	74	58	2019-2020 Cadillac CT6	大型轿车	可入库
split_part_08_result.md	Cadillac CT6	Cadillac	三厢车		Sedan	Blackwing	gen1 full-size sport sedan facelift	2019-2020			205.8	74	58	2019-2020 Cadillac CT6-V Blackwing	高性能大型轿车	可入库
split_part_08_result.md	Cadillac CTS	Cadillac	跑车		Coupe	inc: CTS-V	gen2 midsize coupe	2011			189.3	74.1	56	2011 Cadillac CTS Coupe	双门轿跑长车身	可入库
split_part_08_result.md	Cadillac CTS	Cadillac	跑车		Coupe	inc: CTS-V	gen2 midsize coupe	2012-2015			188.5	74.1	56	2012-2015 Cadillac CTS Coupe / CTS-V Coupe	双门轿跑	可入库
split_part_08_result.md	Cadillac CTS	Cadillac	三厢车		Sedan	Std.	gen1 midsize sedan	2003-2007			190.1	70.6	56.7	2003-2007 Cadillac CTS Sedan	中型轿车	可入库
split_part_08_result.md	Cadillac CTS	Cadillac	三厢车		Sedan	inc: CTS-V	gen1 midsize sport sedan	2004-2007			191.5	70.6	57.3	2004-2007 Cadillac CTS-V Sedan	高性能中型轿车	可入库
split_part_08_result.md	Cadillac CTS	Cadillac	三厢车		Sedan	Std.	gen2 midsize sedan	2008-2009			191.6	72.5	58	2008-2009 Cadillac CTS Sedan	中型轿车	可入库
split_part_08_result.md	Cadillac CTS	Cadillac	三厢车		Sedan	Std.	gen2 midsize sedan	2010			191.6	72.5	59.2	2010 Cadillac CTS Sedan	中型轿车高车身	可入库
split_part_08_result.md	Cadillac CTS	Cadillac	三厢车		Sedan	Std.	gen2 midsize sedan	2011-2013			191.3	72.5	58	2011-2013 Cadillac CTS Sedan	中型轿车	可入库
split_part_08_result.md	Cadillac CTS	Cadillac	三厢车		Sedan	inc: CTS-V	gen2 midsize sport sedan	2009-2010			191.6	72.5	57.3	2009-2010 Cadillac CTS-V Sedan	高性能中型轿车	可入库
split_part_08_result.md	Cadillac CTS	Cadillac	三厢车		Sedan	inc: CTS-V	gen2 midsize sport sedan	2011-2013			191.3	72.5	57.3	2011-2013 Cadillac CTS-V Sedan	高性能中型轿车	可入库
split_part_08_result.md	Cadillac CTS	Cadillac	三厢车		Sedan	inc: CTS-V	gen3 midsize sedan	2014-2019			197.6	72.2	57.2	2014-2019 Cadillac CTS / CTS-V Sedan	中型轿车	可入库
split_part_08_result.md	Cadillac CTS	Cadillac	两厢车		Wagon	inc: CTS-V	gen2 midsize wagon	2010			191.6	72.6	59.1	2010 Cadillac CTS Wagon	旅行车高车身	可入库
split_part_08_result.md	Cadillac CTS	Cadillac	两厢车		Wagon	inc: CTS-V	gen2 midsize wagon	2011-2014			192	72.5	58	2011-2014 Cadillac CTS Wagon / CTS-V Wagon	旅行车	可入库
split_part_08_result.md	Cadillac Catera	Cadillac	三厢车		Sedan	Std.	gen1 midsize sedan	1997-1998			194	70.3	56.3	1997-1998 Cadillac Catera	中型sedan	可入库
split_part_08_result.md	Cadillac Catera	Cadillac	三厢车		Sedan	Std.	gen1 midsize sedan	1999			194	70.3	56.4	1999 Cadillac Catera	中型sedan过渡年	可入库
split_part_08_result.md	Cadillac Catera	Cadillac	三厢车		Sedan	Std.	gen1 midsize sedan facelift	2000-2001			192.2	70.3	56.4	2000-2001 Cadillac Catera	中型sedan	可入库
split_part_08_result.md	Cadillac ELR	Cadillac	跑车		Coupe	PHEV	gen1 compact PHEV coupe	2014-2016			186	72.7	55.9	2014-2016 Cadillac ELR	插混双门	可入库
split_part_08_result.md	Cadillac Escalade	Cadillac	越野车		SUV	Std.	gen1 full-size SUV	1999-2000			201.2	77	74.3	1999-2000 Cadillac Escalade	初代短轴全尺寸SUV	可入库
split_part_08_result.md	Cadillac Escalade	Cadillac	越野车		SUV	ESV	gen2 full-size SUV	2003-2006			221.4	79.5	75.7	2003-2006 Cadillac Escalade ESV	长轴ESV	可入库
split_part_08_result.md	Cadillac Escalade	Cadillac	越野车		SUV	ESV	gen3 full-size SUV	2007-2010			222.9	79.1	75.5	2007-2010 Cadillac Escalade ESV	长轴ESV	可入库
split_part_08_result.md	Cadillac Escalade	Cadillac	越野车		SUV	ESV	gen3 full-size SUV low-height	2011-2012			222.9	79.1	73.1	2011-2012 Cadillac Escalade ESV	长轴ESV低高度	可入库
split_part_08_result.md	Cadillac Escalade	Cadillac	越野车		SUV	ESV	gen3 full-size SUV	2013-2014			222.9	79.1	75.5	2013-2014 Cadillac Escalade ESV	长轴ESV	可入库
split_part_08_result.md	Cadillac Escalade	Cadillac	越野车		SUV	ESV	gen4 full-size SUV	2015-2020			224.3	80.5	74	2015-2020 Cadillac Escalade ESV	长轴ESV	可入库
split_part_08_result.md	Cadillac Escalade	Cadillac	越野车		SUV	ESV	gen5 full-size SUV	2021-2026			227	81.1	76.4	2021-2026 Cadillac Escalade ESV	长轴ESV	可入库
split_part_08_result.md	Cadillac Escalade	Cadillac	越野车		SUV	Std.	gen2 full-size SUV	2002-2006			198.9	78.9	76.5	2002-2006 Cadillac Escalade	短轴全尺寸SUV	可入库
split_part_08_result.md	Cadillac Escalade	Cadillac	越野车		SUV	Std.	gen3 full-size SUV low-height	2007-2008			202.5	79	74.3	2007-2008 Cadillac Escalade	短轴全尺寸SUV低高度	可入库
split_part_08_result.md	Cadillac Escalade	Cadillac	越野车		SUV	Std.	gen3 full-size SUV	2009-2014			202.5	79	75.9	2009-2014 Cadillac Escalade	短轴全尺寸SUV	可入库
split_part_08_result.md	Cadillac Escalade	Cadillac	越野车		SUV	Std.	gen4 full-size SUV	2015-2020			203.9	80.5	74.4	2015-2020 Cadillac Escalade	短轴全尺寸SUV	可入库
split_part_08_result.md	Cadillac Escalade	Cadillac	越野车		SUV	Std.	gen5 full-size SUV	2021-2026			211.9	81.1	76.7	2021-2026 Cadillac Escalade	短轴全尺寸SUV	可入库
split_part_08_result.md	Cadillac Escalade	Cadillac	皮卡	Cadillac Escalade EXT	Pickup	Std.	gen2 full-size pickup	2002-2006	Crew Cab	5.25	221.4	79.5	75.6	2002-2006 Cadillac Escalade EXT	Crew Cab短货斗	可入库
split_part_08_result.md	Cadillac Escalade	Cadillac	皮卡	Cadillac Escalade EXT	Pickup	Std.	gen3 full-size pickup	2007-2013	Crew Cab	5.25	222	79.1	74.5	2007-2013 Cadillac Escalade EXT	Crew Cab可变货斗	可入库
split_part_09_result.md	Cadillac Escalade	Cadillac	越野车	Cadillac Escalade	SUV	Std.	gen1 full-size SUV	1999-2000			201.2	77	74.3	1999/2000 Cadillac Escalade	初代短轴全尺寸SUV	可入库
split_part_09_result.md	Cadillac Escalade	Cadillac	越野车	Cadillac Escalade	SUV	Std.	gen2 full-size SUV	2002-2006			198.9	78.9	76.5	2002/2004/2006 Cadillac Escalade	GMT800短轴Escalade	可入库
split_part_09_result.md	Cadillac Escalade	Cadillac	越野车	Cadillac Escalade	SUV	Std.	gen3 full-size SUV	2007-2008			202.5	79	74.3	2007/2008 Cadillac Escalade	GMT900短轴Escalade早期	可入库
split_part_09_result.md	Cadillac Escalade	Cadillac	越野车	Cadillac Escalade	SUV	Std.	gen3 full-size SUV	2009-2014			202.5	79	75.9	2009/2010/2012/2013/2014 Cadillac Escalade	GMT900短轴Escalade后期	可入库
split_part_09_result.md	Cadillac Escalade	Cadillac	越野车	Cadillac Escalade	SUV	Std.	gen4 full-size SUV	2015-2020			203.9	80.5	74.4	2015/2020 Cadillac Escalade	K2XX短轴Escalade	可入库
split_part_09_result.md	Cadillac Escalade	Cadillac	越野车	Cadillac Escalade	SUV	Std.	gen5 full-size SUV	2021-2026			211.9	81.1	76.7	2021/2023/2025/2026 Cadillac Escalade	短轴全尺寸SUV	可入库
split_part_09_result.md	Cadillac Lyriq	Cadillac	越野车	Cadillac Lyriq	SUV	EV	gen1 midsize EV SUV	2023-2025			196.7	77.8	63.9	2023/2024/2025 Cadillac Lyriq	EV SUV	可入库
split_part_09_result.md	Cadillac Lyriq	Cadillac	越野车	Cadillac Lyriq	SUV	EV	gen1 midsize EV SUV	2026			196.7	77.8	64.3	2026 Cadillac Lyriq	EV SUV	可入库
split_part_09_result.md	Cadillac Lyriq	Cadillac	越野车	Cadillac Lyriq	SUV	Lyriq-V	gen1 midsize EV SUV	2026			196.9	77.8	64.1	2026 Cadillac Lyriq-V	EV性能版SUV	可入库
split_part_09_result.md	Cadillac SRX	Cadillac	越野车	Cadillac SRX	Wagon	Std.	gen1 midsize wagon	2004-2009			194.9	72.6	67.8	2004/2005/2009 Cadillac SRX	高车身wagon	可入库
split_part_09_result.md	Cadillac SRX	Cadillac	越野车	Cadillac SRX	SUV	Std.	gen2 midsize SUV	2010-2016			190.3	75.2	65.7	2010/2011/2014/2015/2016 Cadillac SRX	中型SUV	可入库
split_part_09_result.md	Cadillac STS	Cadillac	三厢车	Cadillac STS	Sedan	Std.	gen1 midsize luxury sedan	2005-2007			196.3	72.6	57.6	2005/2006/2007 Cadillac STS	豪华三厢	可入库
split_part_09_result.md	Cadillac STS	Cadillac	三厢车	Cadillac STS	Sedan	Std.	gen1 midsize luxury sedan	2008-2011			196.7	72.6	57.6	2008/2009/2010/2011 Cadillac STS	豪华三厢	可入库
split_part_09_result.md	Cadillac STS	Cadillac	三厢车	Cadillac STS	Sedan	STS-V	gen1 midsize luxury sedan	2006-2009			197.6	72.6	58.2	2006/2007/2009 Cadillac STS-V	性能版更长更高	可入库
split_part_09_result.md	Cadillac XLR	Cadillac	跑车	Cadillac XLR	Convertible	Std.	gen1 luxury roadster	2004-2009			177.7	72.3	50.4	2004/2005/2006/2007/2008/2009 Cadillac XLR	硬顶敞篷跑车	可入库
split_part_09_result.md	Cadillac XLR	Cadillac	跑车	Cadillac XLR	Convertible	XLR-V	gen1 luxury roadster	2006-2009			177.7	72.3	50.4	2006/2007/2008/2009 Cadillac XLR-V	性能版同尺寸	可入库
split_part_09_result.md	Cadillac XT4	Cadillac	越野车	Cadillac XT4	SUV	Std.	gen1 compact SUV	2019-2023			181.1	76.7	64.1	2019/2020/2021/2022/2023 Cadillac XT4 Sport/Premium Luxury	紧凑SUV	可入库
split_part_09_result.md	Cadillac XT4	Cadillac	越野车	Cadillac XT4	SUV	Facelift	gen1 compact SUV facelift	2024-2026			180.1	76.7	64.1	2024/2025/2026 Cadillac XT4 Sport	紧凑SUV	可入库
split_part_09_result.md	Cadillac XT5	Cadillac	越野车	Cadillac XT5	SUV	Std.	gen1 midsize SUV	2017-2019			189.5	75	66	2017/2018/2019 Cadillac XT5	中型SUV	可入库
split_part_09_result.md	Cadillac XT5	Cadillac	越野车	Cadillac XT5	SUV	Std.	gen1 midsize SUV facelift	2020-2026			189.6	74.9	66.1	2020/2021/2022/2023/2024/2025/2026 Cadillac XT5 Sport	中型SUV	可入库
split_part_09_result.md	Cadillac XT6	Cadillac	越野车	Cadillac XT6	SUV	Std.	gen1 midsize 3-row SUV	2020-2025			198.5	77.3	69.9	2020/2025 Cadillac XT6	三排SUV	可入库
split_part_09_result.md	Chevrolet Aveo	Chevrolet	两厢车	Chevrolet Aveo	Hatchback	Std.	gen1 subcompact hatchback	2004-2005			152.7	65.7	58.8	2004/2005 Chevrolet Aveo Hatchback	小型两厢	可入库
split_part_09_result.md	Chevrolet Aveo	Chevrolet	两厢车	Chevrolet Aveo	Hatchback	Std.	gen1 subcompact hatchback	2006			166.7	65.7	58.8	2006 Chevrolet Aveo Hatchback/Special Value	Edmunds该年Hatchback长度异常偏长	可入库
split_part_09_result.md	Chevrolet Aveo	Chevrolet	两厢车	Chevrolet Aveo	Hatchback	Std.	gen1 subcompact hatchback	2007-2008			152.7	65.7	58.8	2007/2008 Chevrolet Aveo Hatchback	小型两厢	可入库
split_part_09_result.md	Chevrolet Aveo	Chevrolet	两厢车	Chevrolet Aveo	Hatchback	Std.	gen1 subcompact hatchback facelift	2009-2011			154.3	66.1	59.3	2009/2010/2011 Chevrolet Aveo Hatchback	小型两厢	可入库
split_part_09_result.md	Chevrolet Aveo	Chevrolet	三厢车	Chevrolet Aveo	Sedan	Std.	gen1 subcompact sedan	2004-2006			166.7	65.7	58.8	2004/2005/2006 Chevrolet Aveo Sedan	小型三厢早期	可入库
split_part_09_result.md	Chevrolet Aveo	Chevrolet	三厢车	Chevrolet Aveo	Sedan	Std.	gen1 subcompact sedan facelift	2007-2011			169.7	67.3	59.3	2007/2008/2009/2010/2011 Chevrolet Aveo Sedan	小型三厢后期	可入库
split_part_09_result.md	Chevrolet Beretta	Chevrolet	跑车	Chevrolet Beretta	Coupe	Std.	gen1 compact coupe	1987			187.3	69.2	53.2	1987 Chevrolet Beretta, Carfolio / Drive.place / Auto-data	双门coupe	可入库
split_part_09_result.md	Chevrolet Beretta	Chevrolet	跑车	Chevrolet Beretta	Coupe	Std.	gen1 compact coupe	1988-1990			187.2	68.2	55.3	1988/1989/1990 Chevrolet Beretta	双门coupe较高车身	可入库
split_part_09_result.md	Chevrolet Beretta	Chevrolet	跑车	Chevrolet Beretta	Coupe	Std.	gen1 compact coupe	1991			187.2	68.2	52.9	1991 Chevrolet Beretta	双门coupe低车高	可入库
split_part_09_result.md	Chevrolet Beretta	Chevrolet	跑车	Chevrolet Beretta	Coupe	GT/GTZ	gen1 compact coupe	1992-1994			183.4	68.2	56.2	1992/1993/1994 Chevrolet Beretta GT/GTZ	GT/GTZ高度明显更高	可入库
split_part_09_result.md	Chevrolet Beretta	Chevrolet	跑车	Chevrolet Beretta	Coupe	Std./Z26	gen1 compact coupe	1995-1996			187.3	67.9	53	1995/1996 Chevrolet Beretta Base/Z26	双门coupe后期	可入库
split_part_09_result.md	Chevrolet Blazer	Chevrolet	越野车	Chevrolet Blazer	SUV	Std.	gen1 K5 full-size SUV	1969-1970			177.5	79	68.7	1969/1970 Chevrolet K5 Blazer, Automobile-Catalog / CK5 specs	初代K5可拆顶SUV	可入库
split_part_09_result.md	Chevrolet Blazer	Chevrolet	越野车	Chevrolet Blazer	SUV	Std.	gen1 K5 full-size SUV	1971			180	79	72.8	1971 Chevrolet Blazer K Hardtop, Automobile-Catalog	初代K5可拆顶SUV	可入库
split_part_09_result.md	Chevrolet Blazer	Chevrolet	越野车	Chevrolet Blazer	SUV	Std.	gen1 K5 full-size SUV	1972			180	79	70.1	1972 Chevrolet K5 Blazer brochure	初代K5可拆顶SUV	可入库
split_part_09_result.md	Chevrolet Blazer	Chevrolet	越野车	Chevrolet Blazer	SUV	Std.	gen2 K5 full-size SUV	1973-1974			184.5	79.6	73.4	1973 Chevrolet Blazer brochure / 1974 Chevrolet Blazer Automobile-Catalog	第二代K5早期方正车身	可入库
split_part_09_result.md	Chevrolet Blazer	Chevrolet	越野车	Chevrolet Blazer	SUV	Std.	gen2 K5 full-size SUV	1975			184.4	79.5	71	1975 Chevrolet K5 Blazer, Automobile-Catalog / CK5 specs	第二代K5早期方正车身	可入库
split_part_09_result.md	Chevrolet Blazer	Chevrolet	越野车	Chevrolet Blazer	SUV	Std.	gen2 K5 full-size SUV	1976-1977			184.5	79.6	73.4	1976 Chevrolet K5 Blazer / 1977 Chevrolet Blazer Automobile-Catalog	第二代K5早期方正车身	可入库
split_part_09_result.md	Chevrolet Blazer	Chevrolet	越野车	Chevrolet Blazer	SUV	Std.	gen2 K5 full-size SUV	1978-1979			184.5	79.6	72.1	1978/1979 Chevrolet K5 Blazer, Automobile-Catalog / UltimateSpecs	第二代K5后期方正车身	可入库
split_part_09_result.md	Chevrolet Blazer	Chevrolet	越野车	Chevrolet Blazer	SUV	Std.	gen2 K5 full-size SUV	1980-1991			184.8	79.6	73.8	1980/1990/1991 Chevrolet K5 Blazer	第二代K5后期方正车身	可入库
split_part_09_result.md	Chevrolet Blazer	Chevrolet	越野车	Chevrolet Blazer	SUV	Std.	gen3 full-size SUV	1992-1994			187.7	76.4	71	1992/1994 Chevrolet Blazer full-size	末代full-size两门SUV	可入库
split_part_09_result.md	Chevrolet Blazer	Chevrolet	越野车	Chevrolet Blazer	SUV	Std.	gen1 compact SUV 2-door	1995			174.7	67.8	63.3	1995 Chevrolet Blazer Base	传统SUV短轴	可入库
split_part_09_result.md	Chevrolet Blazer	Chevrolet	越野车	Chevrolet Blazer	SUV	Std.	gen1 compact SUV 2-door	1996			174.7	66.5	66	1996 Chevrolet Blazer Base 2-Door	传统SUV短轴	可入库
split_part_09_result.md	Chevrolet Blazer	Chevrolet	越野车	Chevrolet Blazer	SUV	Std.	gen1 compact SUV 4-door	1996			181.2	67	67	1996 Chevrolet Blazer LT 4-Door	传统SUV长轴	可入库
split_part_09_result.md	Chevrolet Blazer	Chevrolet	越野车	Chevrolet Blazer	SUV	Std.	gen1 compact SUV 4-door	1997			181.2	67.8	66.9	1997 Chevrolet Blazer LS 4-Door	传统SUV长轴	可入库
split_part_09_result.md	Chevrolet Blazer	Chevrolet	越野车	Chevrolet Blazer	SUV	Std.	gen1 compact SUV 2-door	1998			176.8	67.8	64.9	1998 Chevrolet Blazer 2-Door LS/Base	传统SUV短轴	可入库
split_part_09_result.md	Chevrolet Blazer	Chevrolet	越野车	Chevrolet Blazer	SUV	Std.	gen1 compact SUV 4-door	1998-2000			183.3	67.8	64.3	1998/1999/2000 Chevrolet Blazer 4-Door	传统SUV长轴	可入库
split_part_09_result.md	Chevrolet Blazer	Chevrolet	越野车	Chevrolet Blazer	SUV	Std.	gen1 compact SUV 4-door	2001			183.3	67.8	64.2	2001 Chevrolet Blazer 4-Door	传统SUV长轴	可入库
split_part_09_result.md	Chevrolet Blazer	Chevrolet	越野车	Chevrolet Blazer	SUV	Std.	gen1 compact SUV 4-door	2002			183.3	67.8	64.6	2002 Chevrolet Blazer 4-Door	传统SUV长轴	可入库
split_part_09_result.md	Chevrolet Blazer	Chevrolet	越野车	Chevrolet Blazer	SUV	Std.	gen1 compact SUV 2-door	2003-2004			177.3	67.8	65.2	2003/2004 Chevrolet Blazer 2-Door LS	传统SUV短轴后期	可入库
split_part_09_result.md	Chevrolet Blazer	Chevrolet	越野车	Chevrolet Blazer	SUV	Std.	gen1 compact SUV 4-door	2003-2005			183.8	67.8	64.6	2003/2004/2005 Chevrolet Blazer LS	传统SUV长轴后期	可入库
split_part_09_result.md	Chevrolet Blazer	Chevrolet	越野车	Chevrolet Blazer	SUV	Std.	gen2 midsize SUV	2019-2022			191.4	76.7	67	2019/2020/2021/2022 Chevrolet Blazer	跨界SUV早期	可入库
split_part_09_result.md	Chevrolet Blazer	Chevrolet	越野车	Chevrolet Blazer	SUV	Std.	gen2 midsize SUV facelift	2023-2026			191.9	76.7	67	2023/2024/2025/2026 Chevrolet Blazer RS	跨界SUV后期	可入库
split_part_09_result.md	Chevrolet Blazer	Chevrolet	越野车	Chevrolet Blazer	SUV	EV	gen2 midsize SUV EV	2024-2026			192.2	78	65.1	2024/2025/2026 Chevrolet Blazer EV	含EV	可入库
split_part_09_result.md	Chevrolet Blazer	Chevrolet	越野车	Chevrolet Blazer	SUV	EV SS	gen2 midsize SUV EV	2026			192.7	78	64.8	2026 Chevrolet Blazer EV SS	EV性能版更长	可入库
split_part_09_result.md	Chevrolet Bolt	Chevrolet	两厢车	Chevrolet Bolt	Hatchback	EV	gen1 compact EV hatchback	2017-2021			164	69.5	62.8	2017/2018/2019/2020/2021 Chevrolet Bolt EV	EV两厢	可入库
split_part_09_result.md	Chevrolet Bolt	Chevrolet	两厢车	Chevrolet Bolt	Hatchback	EV	gen1 compact EV hatchback facelift	2022-2023			163.2	69.5	63.4	2022/2023 Chevrolet Bolt EV	EV两厢	可入库
split_part_09_result.md	Chevrolet Bolt	Chevrolet	两厢车	Chevrolet Bolt	Hatchback	EV	gen2 compact EV hatchback	2027			169.6	69.7	63.9	2027 Chevrolet Bolt EV	复活EV两厢	可入库
split_part_10_result.md	Chevrolet Camaro	Chevrolet	跑车		Coupe	Std.	gen1 pony car	1967-1969			186	72.5	51	1967-1969 Chevrolet Camaro Coupe proxy, Automobile-Catalog / ConceptCarz	gen1短车身	待终核: 1968-1969 Coupe
split_part_10_result.md	Chevrolet Camaro	Chevrolet	跑车		Convertible	Std.	gen1 pony car	1967-1969			186	72.5	51.4	1967-1969 Chevrolet Camaro Convertible proxy	gen1敞篷	待终核: 1968-1969 Convertible
split_part_10_result.md	Chevrolet Camaro	Chevrolet	跑车		Coupe	Std.	gen2 pony car early	1970-1973			194.5	74.4	49.2	1970/1973 Chevrolet Camaro Coupe, CarsGuide / Automobile-Catalog	早期长鼻车身	可入库
split_part_10_result.md	Chevrolet Camaro	Chevrolet	跑车		Coupe	Std.	gen2 pony car	1974			195.4	74.4	49.2	1974 Chevrolet Camaro Coupe proxy	保险杠加长	待终核: 1974
split_part_10_result.md	Chevrolet Camaro	Chevrolet	跑车		Coupe	Std.	gen2 pony car	1975-1976			194.5	74.4	49.2	1975-1976 Chevrolet Camaro Coupe, CarsGuide	保险杠期车身	可入库
split_part_10_result.md	Chevrolet Camaro	Chevrolet	跑车		Coupe	Std.	gen2 pony car	1977			195.4	74.4	49.2	1977 Chevrolet Camaro Coupe proxy	保险杠加长	待终核: 1977
split_part_10_result.md	Chevrolet Camaro	Chevrolet	跑车		Coupe	Std.	gen2 pony car late	1978-1981			197.6	74.5	49.2	1980 Chevrolet Camaro Coupe, ConceptCarz	晚期保险杠最长	待终核: 1978-1979/1981
split_part_10_result.md	Chevrolet Camaro	Chevrolet	跑车		Coupe	Std.	gen3 pony car early	1982			187.8	72.8	50	1982 Chevrolet Camaro Z28 Coupe, ConceptCarz	第三代短车身	可入库
split_part_10_result.md	Chevrolet Camaro	Chevrolet	跑车		Coupe	Std.	gen3 pony car	1983			187.8	72.8	50	1983 Chevrolet Camaro Sport Coupe, Automobile-Catalog	第三代早期	可入库
split_part_10_result.md	Chevrolet Camaro	Chevrolet	跑车		Coupe	Std.	gen3 pony car	1984			187.8	72.8	50	1984 Chevrolet Camaro Berlinetta Coupe, Automobile-Catalog	第三代早期	可入库
split_part_10_result.md	Chevrolet Camaro	Chevrolet	跑车		Coupe	IROC-Z/Z28	gen3 pony car	1985-1988			192	72.8	50.3	1985-1988 Chevrolet Camaro IROC-Z / Z28 Coupe, Automobile-Catalog / ConceptCarz	性能版更长更高	可入库
split_part_10_result.md	Chevrolet Camaro	Chevrolet	跑车		Coupe	IROC-Z/Z28	gen3 pony car late	1989-1990			192	72.8	50.3	1989-1990 Chevrolet Camaro IROC-Z / RS Coupe, Automobile-Catalog / Edmunds	后期性能版	可入库
split_part_10_result.md	Chevrolet Camaro	Chevrolet	跑车		Coupe	Z28	gen3 pony car late	1991			192.6	72.4	50.4	1991 Chevrolet Camaro Z28 Coupe, Redbook / Carsales	后期Z28宽度不同	可入库
split_part_10_result.md	Chevrolet Camaro	Chevrolet	跑车		Coupe	Std.	gen3 pony car late	1992			192.6	72.8	50.4	1992 Chevrolet Camaro Coupe, ConceptCarz	后期车长增加	可入库
split_part_10_result.md	Chevrolet Camaro	Chevrolet	跑车		Convertible	IROC-Z	gen3 pony car	1987			188	72.8	50	1987 Chevrolet Camaro IROC-Z Convertible, ConceptCarz	gen3敞篷短车身	可入库
split_part_10_result.md	Chevrolet Camaro	Chevrolet	跑车		Convertible	IROC-Z	gen3 pony car	1988			192	72.8	50.3	1988 Chevrolet Camaro IROC-Z Convertible, Automobile-Catalog	gen3敞篷性能版	可入库
split_part_10_result.md	Chevrolet Camaro	Chevrolet	跑车		Convertible	IROC-Z	gen3 pony car	1989			192	72.8	50.3	1989 Chevrolet Camaro IROC-Z Convertible, Automobile-Catalog	gen3敞篷性能版	可入库
split_part_10_result.md	Chevrolet Camaro	Chevrolet	跑车		Convertible	IROC-Z	gen3 pony car	1990			192	72.8	50.3	1990 Chevrolet Camaro Convertible IROC Z, Edmunds	gen3敞篷性能版	可入库
split_part_10_result.md	Chevrolet Camaro	Chevrolet	跑车		Convertible	Std.	gen3 pony car	1991-1992			192.6	72.4	50.3	1992 Chevrolet Camaro RS/Z28 Convertible, ConceptCarz	gen3敞篷	待终核: 1991
split_part_10_result.md	Chevrolet Camaro	Chevrolet	跑车		Coupe	Std.	gen4 pony car	1993			193.2	74.1	51.3	1993 Chevrolet Camaro Coupe, Edmunds	gen4早期	可入库
split_part_10_result.md	Chevrolet Camaro	Chevrolet	跑车		Coupe	Std.	gen4 pony car	1994			193.2	74.1	52	1994 Chevrolet Camaro Coupe, Edmunds	gen4早期高车身	可入库
split_part_10_result.md	Chevrolet Camaro	Chevrolet	跑车		Coupe	Z28	gen4 pony car	1995			193.2	74.1	51.3	1995 Chevrolet Camaro Z28 Coupe, Edmunds	Z28高度不同	可入库
split_part_10_result.md	Chevrolet Camaro	Chevrolet	跑车		Coupe	Z28	gen4 pony car	1996			193.2	74.1	52	1997 Chevrolet Camaro Z28 Coupe proxy	Z28高车身	待终核: 1996
split_part_10_result.md	Chevrolet Camaro	Chevrolet	跑车		Coupe	Z28	gen4 pony car	1997			193.2	74.1	52	1997 Chevrolet Camaro Z28 Coupe, Edmunds	Z28高车身	可入库
split_part_10_result.md	Chevrolet Camaro	Chevrolet	跑车		Convertible	Std.	gen4 pony car	1994-1997			193.2	74.1	52	1994 Chevrolet Camaro Convertible proxy	gen4敞篷	待终核: 1994-1997 Convertible
split_part_10_result.md	Chevrolet Camaro	Chevrolet	跑车		Coupe	Std.	gen4 pony car facelift	1998			193.5	74.1	51.3	1998 Chevrolet Camaro Base Coupe, Edmunds	gen4改款	可入库
split_part_10_result.md	Chevrolet Camaro	Chevrolet	跑车		Coupe	Std.	gen4 pony car facelift	1999			193.2	74.1	51.3	1999 Chevrolet Camaro Coupe, Edmunds	gen4改款	可入库
split_part_10_result.md	Chevrolet Camaro	Chevrolet	跑车		Coupe	Std.	gen4 pony car facelift	2000-2002			193.5	74.1	51.2	2000-2002 Chevrolet Camaro Coupe, Edmunds	gen4改款	可入库
split_part_10_result.md	Chevrolet Camaro	Chevrolet	跑车		Convertible	Std.	gen4 pony car facelift	1998			193.5	74.1	52	1998 Chevrolet Camaro Convertible Base, Edmunds	gen4改款敞篷	可入库
split_part_10_result.md	Chevrolet Camaro	Chevrolet	跑车		Convertible	Std.	gen4 pony car facelift	1999			193.2	74.1	51.3	1999 Chevrolet Camaro Convertible, Edmunds	gen4改款敞篷	可入库
split_part_10_result.md	Chevrolet Camaro	Chevrolet	跑车		Convertible	Std.	gen4 pony car facelift	2000-2002			193.5	74.1	51.8	2000-2002 Chevrolet Camaro Convertible, Edmunds	gen4改款敞篷	可入库
split_part_10_result.md	Chevrolet Camaro	Chevrolet	跑车		Coupe	Std.	gen5 sports car	2010-2013			190.4	75.5	54.2	2010/2013 Chevrolet Camaro Coupe, Edmunds	美式跑车	可入库
split_part_10_result.md	Chevrolet Camaro	Chevrolet	跑车		Coupe	Std.	gen5 sports car facelift	2014-2015			190.6	75.5	54.2	2014/2015 Chevrolet Camaro Coupe, Edmunds	美式跑车	可入库
split_part_10_result.md	Chevrolet Camaro	Chevrolet	跑车		Convertible	Std.	gen5 sports car	2011-2013			190.4	75.5	54.7	2011/2013 Chevrolet Camaro Convertible, Car and Driver / Edmunds	敞篷更高	可入库
split_part_10_result.md	Chevrolet Camaro	Chevrolet	跑车		Convertible	Std.	gen5 sports car facelift	2014-2015			190.6	75.5	54.7	2014/2015 Chevrolet Camaro Convertible, Edmunds	敞篷更高	可入库
split_part_10_result.md	Chevrolet Camaro	Chevrolet	跑车		Coupe	Std.	gen6 sports car	2016-2024			188.3	74.7	53.1	2016/2019/2021/2024 Chevrolet Camaro Coupe base, Edmunds	标准版车高统一	可入库
split_part_10_result.md	Chevrolet Camaro	Chevrolet	跑车		Coupe	2SS	gen6 sports car	2020			188.3	74.7	52.9	2020 Chevrolet Camaro 2SS Coupe, Edmunds	SS低车高	可入库
split_part_10_result.md	Chevrolet Camaro	Chevrolet	跑车		Convertible	Std.	gen6 sports car	2016			188.3	74.7	52.9	2016 Chevrolet Camaro Convertible base, Edmunds	标准敞篷	可入库
split_part_10_result.md	Chevrolet Camaro	Chevrolet	跑车		Convertible	Std.	gen6 sports car	2017-2018			188.3	74.7	52.9	2017 Chevrolet Camaro Convertible, Edmunds	标准敞篷	可入库
split_part_10_result.md	Chevrolet Camaro	Chevrolet	跑车		Convertible	Std.	gen6 sports car	2019-2023			188.3	74.7	52.9	2019/2020/2022/2023 Chevrolet Camaro Convertible, Edmunds	标准敞篷	可入库
split_part_10_result.md	Chevrolet Camaro	Chevrolet	跑车		Convertible	Std.	gen6 sports car	2024			188.3	74.7	52.9	2024 Chevrolet Camaro Convertible 1LT, Car and Driver	标准敞篷	可入库
split_part_10_result.md	Chevrolet Camaro	Chevrolet	跑车		Coupe	ZL1	gen6 sports car	2017-2018			190.2	75	52.9	2017/2018 Chevrolet Camaro ZL1 Coupe, Edmunds	ZL1性能版	可入库
split_part_10_result.md	Chevrolet Camaro	Chevrolet	跑车		Coupe	ZL1	gen6 sports car facelift	2019			190.2	75	52.6	2019 Chevrolet Camaro ZL1, Edmunds	ZL1低车高	可入库
split_part_10_result.md	Chevrolet Camaro	Chevrolet	跑车		Coupe	ZL1	gen6 sports car	2020-2024			190.2	75	52.9	2020/2021/2022/2023/2024 Chevrolet Camaro ZL1, Edmunds	ZL1性能版	可入库
split_part_10_result.md	Chevrolet Camaro	Chevrolet	跑车		Convertible	ZL1	gen6 sports car	2017			190.2	75	52.6	2017 Chevrolet Camaro Convertible ZL1, Edmunds	宽体性能敞篷	可入库
split_part_10_result.md	Chevrolet Camaro	Chevrolet	跑车		Convertible	ZL1	gen6 sports car	2018			190.2	75	52.6	2018 Chevrolet Camaro Convertible ZL1, Edmunds	宽体性能敞篷	可入库
split_part_10_result.md	Chevrolet Camaro	Chevrolet	跑车		Convertible	ZL1	gen6 sports car	2019			190.2	75	52.6	2018 Chevrolet Camaro Convertible ZL1 proxy	宽体性能敞篷	待终核: 2019 Convertible ZL1
split_part_10_result.md	Chevrolet Camaro	Chevrolet	跑车		Convertible	ZL1	gen6 sports car	2020-2024			190.2	75	52.9	2020/2021/2022/2024 Chevrolet Camaro ZL1, Edmunds	宽体性能敞篷	可入库
split_part_10_result.md	Chevrolet Caprice	Chevrolet	三厢车		Sedan	Std.	gen1 full-size	1966-1967			213.2	79.6	55.4	1966 Chevrolet Caprice Sedan/Coupe, Over-Drive / Oldride	gen1早期	待终核: 1967 Sedan
split_part_10_result.md	Chevrolet Caprice	Chevrolet	三厢车		Sedan	Std.	gen1 full-size	1968			215	80	54.5	1968 Chevrolet Caprice Sport Sedan, Oldride / Over-Drive	gen1全尺寸	可入库
split_part_10_result.md	Chevrolet Caprice	Chevrolet	三厢车		Sedan	Std.	gen1 full-size	1969-1970			216	79.8	54.5	1970 Chevrolet Caprice Custom Sedan, UltimateSpecs	gen1全尺寸	待终核: 1969 Sedan
split_part_10_result.md	Chevrolet Caprice	Chevrolet	跑车		Coupe	Std.	gen1 full-size	1966-1967			213.2	79.6	54.4	1966 Chevrolet Caprice Custom Coupe, UltimateSpecs / Over-Drive	gen1早期	待终核: 1967 Coupe
split_part_10_result.md	Chevrolet Caprice	Chevrolet	跑车		Coupe	Std.	gen1 full-size	1968			214.7	79.6	54.3	1968 Chevrolet Caprice Custom Coupe, UltimateSpecs	gen1全尺寸	可入库
split_part_10_result.md	Chevrolet Caprice	Chevrolet	跑车		Coupe	Std.	gen1 full-size	1969-1970			216	79.8	54.5	1969/1970 Chevrolet Caprice Custom Coupe proxy	gen1全尺寸	待终核: 1970 Coupe
split_part_10_result.md	Chevrolet Caprice	Chevrolet	两厢车		Wagon	Std.	gen1 full-size	1966			212.4	79.6	56.7	1966 Chevrolet Caprice-Kingswood Estate Wagon, Automobile-Catalog / Over-Drive	wagon高车身	可入库
split_part_10_result.md	Chevrolet Caprice	Chevrolet	两厢车		Wagon	Std.	gen1 full-size	1967			212.4	79.6	56.7	1966 Chevrolet Caprice-Kingswood Estate Wagon proxy	wagon高车身	待终核: 1967 Wagon
split_part_10_result.md	Chevrolet Caprice	Chevrolet	两厢车		Wagon	Std.	gen1 full-size	1968-1970			213.9	79.6	56.7	1968 Chevrolet Caprice-Kingswood Estate Wagon, Automobile-Catalog	wagon高车身	待终核: 1969-1970
split_part_10_result.md	Chevrolet Caprice	Chevrolet	跑车		Convertible	Std.	gen2 full-size	1971			216.8	79.5	56.7	1971 Chevrolet Caprice Convertible proxy	敞篷结构	待终核: 1971 Convertible height
split_part_10_result.md	Chevrolet Caprice	Chevrolet	跑车		Convertible	Std.	gen2 full-size	1972-1974			222.7	79.5	56.7	1973/1974 Chevrolet Caprice Convertible proxy	敞篷结构	待终核: 1972-1974 Convertible
split_part_10_result.md	Chevrolet Caprice	Chevrolet	跑车		Convertible	Std.	gen2 full-size	1975			222.8	79.5	56.7	1975 Chevrolet Caprice Classic Convertible, Automobile-Catalog	敞篷末年	可入库
split_part_10_result.md	Chevrolet Caprice	Chevrolet	跑车		Coupe	Std.	gen2 full-size	1971			216.8	79.5	56.7	1971 Chevrolet Caprice Hardtop Coupe proxy	非wagon全尺寸	待终核: 1971 Coupe height
split_part_10_result.md	Chevrolet Caprice	Chevrolet	跑车		Coupe	Std.	gen2 full-size	1972			219.9	79.5	56.7	1972 Chevrolet Caprice Hardtop Coupe range, Automobile-Catalog	1972长度不同	待终核: 1972 Coupe height
split_part_10_result.md	Chevrolet Caprice	Chevrolet	跑车		Coupe	Std.	gen2 full-size	1973			222.9	79.5	56.7	1973 Chevrolet Caprice Classic Coupe proxy	非wagon全尺寸	待终核: 1973 Coupe height
split_part_10_result.md	Chevrolet Caprice	Chevrolet	跑车		Coupe	Std.	gen2 full-size	1974-1975			222.8	79.5	56.7	1975 Chevrolet Caprice Classic Coupe proxy	后期大保险杠	待终核: 1974-1975 Coupe height
split_part_10_result.md	Chevrolet Caprice	Chevrolet	跑车		Coupe	Std.	gen2 full-size	1976			222.9	79.5	53.7	1976 Chevrolet Caprice Classic Coupe
split_part_100_result.md	Nissan Frontier	Nissan	皮卡	Nissan Frontier	Pickup	Std.	gen1 compact pickup	1998	Regular Cab	6.0	184.3	66.5	62.5	1998 Frontier Regular Cab	早期单排短车身	可入库
split_part_100_result.md	Nissan Frontier	Nissan	皮卡	Nissan Frontier	Pickup	Std.	gen1 compact pickup	1999	Regular Cab	6.0	184.3	71.9	66.1	1999 Frontier Regular Cab XE	早期单排短车身; 4WD宽高更大	可入库
split_part_100_result.md	Nissan Frontier	Nissan	皮卡	Nissan Frontier	Pickup	Std.	gen1 compact pickup	2000	Regular Cab	6.0	184.3	66.5	62.8	2000 Frontier Regular Cab	早期单排短车身	可入库
split_part_100_result.md	Nissan Frontier	Nissan	皮卡	Nissan Frontier	Pickup	Std.	gen1 compact pickup	2001	Regular Cab	6.0	191.3	66.5	62.8	2001 Frontier Regular Cab XE	单排后期口径	可入库
split_part_100_result.md	Nissan Frontier	Nissan	皮卡	Nissan Frontier	Pickup	Std.	gen1 compact pickup	1998	King Cab	6.0	196.1	66.5	62.8	1998 Frontier King Cab	早期King Cab	可入库
split_part_100_result.md	Nissan Frontier	Nissan	皮卡	Nissan Frontier	Pickup	Std.	gen1 compact pickup	1999	King Cab	6.0	196.1	71.9	68.6	1999 Frontier King Cab XE 4WD	早期King Cab; 4WD宽高更大	可入库
split_part_100_result.md	Nissan Frontier	Nissan	皮卡	Nissan Frontier	Pickup	Std.	gen1 compact pickup	2000	King Cab	6.0	196.1	66.5	62.6	2000 Frontier King Cab	早期King Cab	可入库
split_part_100_result.md	Nissan Frontier	Nissan	皮卡	Nissan Frontier	Pickup	Std.	gen1 compact pickup	2001	King Cab	6.0	203.1	71.9	65.9	2001 Frontier King Cab SC-V6	中期King Cab; 按SC-V6最大宽高	可入库
split_part_100_result.md	Nissan Frontier	Nissan	皮卡	Nissan Frontier	Pickup	Std.	gen1 compact pickup	2002	King Cab	6.0	202.9	67.7	63.2	2002 Frontier King Cab XE	后期King Cab	可入库
split_part_100_result.md	Nissan Frontier	Nissan	皮卡	Nissan Frontier	Pickup	Std.	gen1 compact pickup	2003	King Cab	6.0	202.9	67.7	66.7	2003 Frontier King Cab XE	后期King Cab	可入库
split_part_100_result.md	Nissan Frontier	Nissan	皮卡	Nissan Frontier	Pickup	Std.	gen1 compact pickup	2004	King Cab	6.0	202.9	67.7	63.2	2004 Frontier King Cab XE	后期King Cab	可入库
split_part_100_result.md	Nissan Frontier	Nissan	皮卡	Nissan Frontier	Pickup	Std.	gen1 compact pickup	2000	Crew Cab	4.5	193.1	71.9	65.9	2000 Frontier Crew Cab SE SB	初期Crew Cab短斗	可入库
split_part_100_result.md	Nissan Frontier	Nissan	皮卡	Nissan Frontier	Pickup	Std.	gen1 compact pickup	2001	Crew Cab	4.5	200.0	71.9	65.9	2001 Frontier Crew Cab SE-V6 SB	短斗Crew Cab	可入库
split_part_100_result.md	Nissan Frontier	Nissan	皮卡	Nissan Frontier	Pickup	Std.	gen1 compact pickup	2002	Crew Cab	4.5	199.9	71.2	74.0	2002 Frontier Crew Cab SC-V6 SB	短斗Crew Cab; 高车身口径	可入库
split_part_100_result.md	Nissan Frontier	Nissan	皮卡	Nissan Frontier	Pickup	Std.	gen1 compact pickup	2003	Crew Cab	4.5	199.9	71.2	69.9	2003 Frontier Crew Cab SC-V6 SB	短斗Crew Cab	可入库
split_part_100_result.md	Nissan Frontier	Nissan	皮卡	Nissan Frontier	Pickup	Std.	gen1 compact pickup	2004	Crew Cab	4.5	199.9	71.2	66.7	2004 Frontier Crew Cab XE-V6 SB	短斗Crew Cab	可入库
split_part_100_result.md	Nissan Frontier	Nissan	皮卡	Nissan Frontier	Pickup	Std.	gen1 compact pickup	2002	Crew Cab	6.0	217.8	71.2	74.0	2002 Frontier Crew Cab LB	长斗Crew Cab	可入库
split_part_100_result.md	Nissan Frontier	Nissan	皮卡	Nissan Frontier	Pickup	Std.	gen1 compact pickup	2003	Crew Cab	6.0	217.8	71.2	66.7	2003 Frontier Crew Cab XE-V6 4x2 LB / Motormatchup	长斗Crew Cab	可入库
split_part_100_result.md	Nissan Frontier	Nissan	皮卡	Nissan Frontier	Pickup	Std.	gen1 compact pickup	2004	Crew Cab	6.0	217.8	71.2	74.0	2004 Frontier Crew Cab LB	长斗Crew Cab	可入库
split_part_100_result.md	Nissan Frontier	Nissan	皮卡	Nissan Frontier	Pickup	Std.	gen2 midsize pickup	2005-2007	King Cab	6.0	205.5	72.8	70.1	2005/2006/2007 Frontier King Cab	6ft斗; 2005高车身口径	可入库
split_part_100_result.md	Nissan Frontier	Nissan	皮卡	Nissan Frontier	Pickup	Std.	gen2 midsize pickup	2008-2009	King Cab	6.0	205.5	72.8	69.7	2008/2009 Frontier King Cab	6ft斗	可入库
split_part_100_result.md	Nissan Frontier	Nissan	皮卡	Nissan Frontier	Pickup	Std.	gen2 midsize pickup	2010-2013	King Cab	6.0	205.5	72.8	70.1	2010/2011/2012/2013 Frontier King Cab	6ft斗; 2013高度按最大口径	可入库
split_part_100_result.md	Nissan Frontier	Nissan	皮卡	Nissan Frontier	Pickup	Std.	gen2 midsize pickup	2014-2015	King Cab	6.0	205.5	72.8	68.7	2014/2015 Frontier King Cab SV/S	6ft斗	可入库
split_part_100_result.md	Nissan Frontier	Nissan	皮卡	Nissan Frontier	Pickup	Std.	gen2 midsize pickup	2016	King Cab	6.0	205.5	72.8	69.7	2016 Frontier King Cab	6ft斗	可入库
split_part_100_result.md	Nissan Frontier	Nissan	皮卡	Nissan Frontier	Pickup	Std.	gen2 midsize pickup	2017	King Cab	6.0	205.5	72.8	68.7	2017 Frontier King Cab	6ft斗	可入库
split_part_100_result.md	Nissan Frontier	Nissan	皮卡	Nissan Frontier	Pickup	Std.	gen2 midsize pickup	2018-2021	King Cab	6.0	205.5	72.8	70.1	2018/2019/2020/2021 Frontier King Cab	6ft斗	可入库
split_part_100_result.md	Nissan Frontier	Nissan	皮卡	Nissan Frontier	Pickup	Std.	gen2 midsize pickup	2005-2021	Crew Cab	5.0	205.5	72.8	70.1	2005-2021 Frontier Crew Cab 5 ft	短斗Crew Cab	可入库
split_part_100_result.md	Nissan Frontier	Nissan	皮卡	Nissan Frontier	Pickup	Std.	gen2 midsize pickup	2005-2021	Crew Cab	6.0	219.4	72.8	70.1	2005-2021 Frontier Crew Cab 6 ft	长斗Crew Cab	可入库
split_part_100_result.md	Nissan Frontier	Nissan	皮卡	Nissan Frontier	Pickup	Std.	gen3 midsize pickup	2022	King Cab	6.0	210.2	73.0	72.1	2022 Frontier King Cab 6 ft	6ft斗	可入库
split_part_100_result.md	Nissan Frontier	Nissan	皮卡	Nissan Frontier	Pickup	Std.	gen3 midsize pickup	2023	King Cab	6.0	210.2	73.0	71.4	2023 Frontier King Cab SV 6 ft	6ft斗	可入库
split_part_100_result.md	Nissan Frontier	Nissan	皮卡	Nissan Frontier	Pickup	Std.	gen3 midsize pickup	2024	King Cab	6.0	210.2	73.0	71.8	2024 Frontier King Cab SV 6 ft	6ft斗	可入库
split_part_100_result.md	Nissan Frontier	Nissan	皮卡	Nissan Frontier	Pickup	Std.	gen3 midsize pickup	2025	King Cab	6.0	210.2	73.0	71.5	2025 Frontier King Cab S 6 ft	6ft斗	可入库
split_part_100_result.md	Nissan Frontier	Nissan	皮卡	Nissan Frontier	Pickup	Std.	gen3 midsize pickup	2026	King Cab	6.0	210.2	73.0	72.1	2026 Frontier King Cab 6 ft	6ft斗	可入库
split_part_100_result.md	Nissan Frontier	Nissan	皮卡	Nissan Frontier	Pickup	Std.	gen3 midsize pickup	2022-2026	Crew Cab	5.0	210.2	74.7	72.9	2022-2026 Frontier Crew Cab 5 ft	短斗Crew Cab; 含PRO-4X高宽口径	可入库
split_part_100_result.md	Nissan Frontier	Nissan	皮卡	Nissan Frontier	Pickup	Std.	gen3 midsize pickup	2022	Crew Cab	6.0	224.1	73.0	71.6	2022 Frontier Crew Cab SV 6 ft	长斗Crew Cab	可入库
split_part_100_result.md	Nissan Frontier	Nissan	皮卡	Nissan Frontier	Pickup	Std.	gen3 midsize pickup	2023	Crew Cab	6.0	224.1	73.0	71.3	2023 Frontier Crew Cab SV 6 ft	长斗Crew Cab	可入库
split_part_100_result.md	Nissan Frontier	Nissan	皮卡	Nissan Frontier	Pickup	Std.	gen3 midsize pickup	2024	Crew Cab	6.0	224.1	73.0	71.3	2024 Frontier Crew Cab SV 6 ft	长斗Crew Cab	可入库
split_part_100_result.md	Nissan Frontier	Nissan	皮卡	Nissan Frontier	Pickup	Std.	gen3 midsize pickup	2025	Crew Cab	6.0	224.1	73.0	72.0	2025 Frontier Crew Cab SL 6.1 ft	长斗Crew Cab	可入库
split_part_100_result.md	Nissan Frontier	Nissan	皮卡	Nissan Frontier	Pickup	Std.	gen3 midsize pickup	2026	Crew Cab	6.0	224.1	73.0	71.3	2026 Frontier Crew Cab SV 6.1 ft	长斗Crew Cab	可入库
