MAKE	MODEL
BMW	C evolution
BMW	C400GT
BMW	C400X
BMW	C600 Sport
BMW	C650 Sport
BMW	C650GT
BMW	CE 02
BMW	CE 04
BMW	F650
BMW	F650 Enduro
BMW	F650 SE
BMW	F650CS
BMW	F650CS ABS
BMW	F650GS
BMW	F650GS ABS
BMW	F650GS Dakar
BMW	F650GS Dakar ABS
BMW	F650ST
BMW	F700GS
BMW	F750GS
BMW	F750GS 40 Years GS Edition
BMW	F800GS
BMW	F800GS Adventure
BMW	F800GS Comfort
BMW	F800GS Dynamic
BMW	F800GS Equipada
BMW	F800GS Explorer
BMW	F800GS Explorer LWR
BMW	F800GS Urban
BMW	F800GT
BMW	F800R
BMW	F800S
BMW	F800ST
BMW	F850GS
BMW	F850GS 40 Years GS Edition
BMW	F850GS A
BMW	F850GS Adventure
BMW	F850GS Adventure 40 Years GS Edition
BMW	F900GS
BMW	F900GS Adventure
BMW	F900GS Adventure Equipada
BMW	F900GS Adventure Touring
BMW	F900GS Adventure Urban Explorer
BMW	F900GS Equipada
BMW	F900R
BMW	F900R Dybanuc
BMW	F900R Equipada
BMW	F900R LWR
BMW	F900R Urban
BMW	F900XR
BMW	F900XR Equipada
BMW	F900XR LWR
BMW	G310GS
BMW	G310GS 40 Years GS Edition
BMW	G310R
BMW	G450X
BMW	G650 Xcountry
BMW	G650 Xmoto
BMW	G650GS
BMW	G650GS Sertao
BMW	HP2 Enduro
BMW	HP2 Megamoto
BMW	HP2 Sport
BMW	HP4
BMW	HP4 Competition
BMW	HP4 RACE
BMW	K1
BMW	K100
BMW	K100LT
BMW	K100LT ABS
BMW	K100RS
BMW	K100RS ABS
BMW	K100RS FL
BMW	K100RS FL ABS
BMW	K100RT
BMW	K1100LT
BMW	K1100LT High Line
BMW	K1100LT Special Edition
BMW	K1100RS
BMW	K1100RS SE
BMW	K1200GT
BMW	K1200LT
BMW	K1200LT Exodus
BMW	K1200LTC
BMW	K1200LTI Icon
BMW	K1200LTS
BMW	K1200R
BMW	K1200R Sport
BMW	K1200RS
BMW	K1200RS Dakar
BMW	K1200S
BMW	K1300GT
BMW	K1300R
BMW	K1300S
BMW	K1300S 30 Jahre K-Modelle
BMW	K1600 Grand America
BMW	K1600 Grand America Option 719 Midnight
BMW	K1600B
BMW	K1600B Option 719 Midnight
BMW	K1600GT
BMW	K1600GT Sport
BMW	K1600GTL
BMW	K1600GTL Exclusive
BMW	K75
BMW	K75/3
BMW	K75/3A
BMW	K75A
BMW	K75C
BMW	K75RT
BMW	K75RT ABS
BMW	K75S
BMW	K75S ABS
BMW	K75T
BMW	M1000R
BMW	M1000RR
BMW	M1000RR 50 Years M
BMW	M1000XR
BMW	R 12
BMW	R 12 G/S
BMW	R 12 nine T
BMW	R 12 nineT
BMW	R 12 S
BMW	R 18
BMW	R 18 100 Years
BMW	R 18 B
BMW	R 18 Classic
BMW	R 18 First Edition
BMW	R 18 Roctane
BMW	R 18 Transcontinental
BMW	R 18 Transcontinental First Edition
BMW	R nine T
BMW	R nine T /5
BMW	R nine T 100 Years
BMW	R nine T Pure
BMW	R nine T Racer
BMW	R nine T Scrambler
BMW	R nine T Urban G/S
BMW	R nine T Urban G/S 40 Years GS Edition
BMW	R100
BMW	R100/7
BMW	R100CS
BMW	R100GS
BMW	R100GS Paris-Dakar
BMW	R100R
BMW	R100RS
BMW	R100RT
BMW	R100S
BMW	R100T
BMW	R1100GS
BMW	R1100GS ABS
BMW	R1100GS SE
BMW	R1100R
BMW	R1100R SE
BMW	R1100RL
BMW	R1100RS
BMW	R1100RS ABS
BMW	R1100RSL
BMW	R1100RT
BMW	R1100RT SE
BMW	R1100RTL
BMW	R1100S
BMW	R1100S ABS
BMW	R1100S Boxer Cup
BMW	R1100S Boxer Cup Replica
BMW	R1100SA
BMW	R1150GS
BMW	R1150GS Adventure
BMW	R1150GS Sport
BMW	R1150R
BMW	R1150R Roadster
BMW	R1150RS
BMW	R1150RT
BMW	R1200C
BMW	R1200C Avantgarde
BMW	R1200C Classic
BMW	R1200C Independent
BMW	R1200C Montana
BMW	R1200C Montauk
BMW	R1200C Phoenix
BMW	R1200C Stiletto
BMW	R1200CL
BMW	R1200GS
BMW	R1200GS Adventure
BMW	R1200GS Exclusive
BMW	R1200GS HP2
BMW	R1200GS Rallye
BMW	R1200R
BMW	R1200R Classic
BMW	R1200RS
BMW	R1200RT
BMW	R1200S
BMW	R1200ST
BMW	R1250GS
BMW	R1250GS 40 Years GS Edition
BMW	R1250GS Adventure
BMW	R1250GS Adventure 40 Years GS Edition
BMW	R1250GS Adventure Rallye
BMW	R1250GS Adventure Trophy
BMW	R1250R
BMW	R1250RS
BMW	R1250RT
BMW	R1300GS
BMW	R1300GS Adventure
BMW	R1300GS Adventure Equipada
BMW	R1300GS Adventure Option 719 Karakorum
BMW	R1300GS Adventure Triple Black
BMW	R1300GS Adventure Trophy
BMW	R1300GS Equipada
BMW	R1300GS Option 719 Tramuntana
BMW	R1300GS Tramuntana
BMW	R1300GS Triple Black
BMW	R1300GS Trophy
BMW	R1300R
BMW	R1300RS
BMW	R1300RT
BMW	R45
BMW	R50/2
BMW	R50/5
BMW	R60/2
BMW	R60/5
BMW	R60/6
BMW	R60/7
BMW	R65
BMW	R65LS
BMW	R75/5
BMW	R75/6
BMW	R75/7
BMW	R80
BMW	R80/7
BMW	R80G/S
BMW	R80R
BMW	R80RT
BMW	R80ST
BMW	R850C Avantgarde
BMW	R850C Classic
BMW	R850R
BMW	R850R ABS
BMW	R850R Special Edition
BMW	R90/6
BMW	R90S
BMW	S1000R
BMW	S1000RR
BMW	S1000XR
BMW	S1000XR Equipada
Honda	600
Honda	ADV150
Honda	ADV160
Honda	C125A Super Cub
Honda	C70
Honda	C70K
Honda	C70M
Honda	CA100
Honda	CA102
Honda	CA105T
Honda	CA110
Honda	CA125A Super Cub
Honda	CA160
Honda	CA175
Honda	CA175K
Honda	CA200
Honda	CA72 Dream 250
Honda	CA77 Dream 305
Honda	CA95 Dream 150
Honda	CARGO 125 TOOL
Honda	CARGO 150
Honda	CARGO 150 GL
Honda	CARGO 150 GL DS
Honda	CB1
Honda	CB100 Super Sport
Honda	CB1000
Honda	CB1000 Hornet SP
Honda	CB1000C Custom
Honda	CB1000R
Honda	CB1000R Black Edition
Honda	CB110 STD
Honda	CB1100
Honda	CB1100 ABS
Honda	CB1100 DLX
Honda	CB1100 EX
Honda	CB1100F
Honda	CB125F
Honda	CB125F Twister
Honda	CB125S
Honda	CB125TT
Honda	CB160
Honda	CB160F
Honda	CB160F DLX
Honda	CB160F Invicta
Honda	CB175 Super Sport
Honda	CB190R
Honda	CB190R 2.0
Honda	CB190R Repsol
Honda	CB190R Tricolor
Honda	CB200
Honda	CB250 Nighthawk
Honda	CB250 Twister
Honda	CB300F
Honda	CB300F ABS
Honda	CB300R
Honda	CB300R ABS
Honda	CB350 H'Ness
Honda	CB350F
Honda	CB350G Super Sport
Honda	CB350K Super Sport
Honda	CB360
Honda	CB360G
Honda	CB360T
Honda	CB400A Hondamatic
Honda	CB400F CB-1
Honda	CB400F Super Sport
Honda	CB400T Hawk
Honda	CB400TI Hawk I
Honda	CB400TII Hawk II
Honda	CB450
Honda	CB450K
Honda	CB450SC Nighthawk
Honda	CB450T Hawk
Honda	CB500
Honda	CB500F
Honda	CB500F ABS
Honda	CB500T Twin DOHC
Honda	CB500X
Honda	CB500X ABS
Honda	CB50R Dream 50
Honda	CB550F Super Sport
Honda	CB550K
Honda	CB550SC Nighthawk
Honda	CB600F 599
Honda	CB650
Honda	CB650C Custom
Honda	CB650F
Honda	CB650F ABS
Honda	CB650R
Honda	CB650R ABS
Honda	CB650R E-Clutch
Honda	CB650SC Nighthawk
Honda	CB700SC Nighthawk S
Honda	CB72 Hawk 250
Honda	CB750 Hornet
Honda	CB750 Nighthawk
Honda	CB750A Automatic
Honda	CB750C Custom
Honda	CB750F Super Sport
Honda	CB750K
Honda	CB750L
Honda	CB750SC Nighthawk
Honda	CB77 SuperHawk 305
Honda	CB900C Custom
Honda	CB900F 919
Honda	CB900F Super Sport
Honda	CB92 Benly Super Sport 125
Honda	CBF1000A
Honda	CBF125F Twister
Honda	CBF150S
Honda	CBF600SA
Honda	CBR1000F
Honda	CBR1000F Hurricane
Honda	CBR1000RA ABS
Honda	CBR1000RR
Honda	CBR1000RR ABS
Honda	CBR1000RR SP
Honda	CBR1000RR SP Repsol Edition
Honda	CBR1000RR SP2
Honda	CBR1000RR-R Fireblade
Honda	CBR1000S1
Honda	CBR10SPM CBR1000RR-R Fireblade SP
Honda	CBR1100XX Super Blackbird
Honda	CBR125R
Honda	CBR250 Repsol
Honda	CBR250R
Honda	CBR250R ABS
Honda	CBR250R Repsol
Honda	CBR300R
Honda	CBR300R ABS
Honda	CBR500R
Honda	CBR500R ABS
Honda	CBR600F
Honda	CBR600F F2
Honda	CBR600F F3
Honda	CBR600F F4
Honda	CBR600F F4I
Honda	CBR600F Hurricane
Honda	CBR600RR
Honda	CBR600RR ABS
Honda	CBR650F
Honda	CBR650F ABS
Honda	CBR650R
Honda	CBR650R ABS
Honda	CBR650R E-Clutch
Honda	CBR900RR
Honda	CBR929RR
Honda	CBR954RR
Honda	CBX
Honda	CBX250
Honda	CBX250 TWISTER
Honda	CGL125 TOOL
Honda	CH125 Elite
Honda	CH150 Elite
Honda	CH150D Elite Deluxe
Honda	CH250 Elite
Honda	CH80 Elite
Honda	CHF50 Metropolitan
Honda	CHF50P Metropolitan II
Honda	CJ360
Honda	CL100 Scrambler
Honda	CL100/S Scrambler
Honda	CL125 Scrambler
Honda	CL125A
Honda	CL160 Scrambler
Honda	CL175 Scrambler
Honda	CL200 Scrambler
Honda	CL350 Scrambler
Honda	CL360 Scrambler
Honda	CL450K Scrambler
Honda	CL70 Scrambler
Honda	CL72 Scrambler 250
Honda	CL77 Scrambler 305
Honda	CL90 Scrambler
Honda	CM185T Twinstar
Honda	CM200T Twinstar
Honda	CM250C Custom
Honda	CM400A Hondamatic
Honda	CM400C Custom
Honda	CM400E
Honda	CM400T
Honda	CM450A Hondamatic
Honda	CM450C Custom
Honda	CM450E
Honda	CM91
Honda	CMX1100 Rebel 1100
Honda	CMX1100 Rebel 1100 DCT
Honda	CMX1100 Rebel 1100 SE
Honda	CMX1100 Rebel 1100T
Honda	CMX1100 Rebel 1100T DCT
Honda	CMX250C Rebel
Honda	CMX300 Rebel 300
Honda	CMX300 Rebel 300 ABS
Honda	CMX300 Rebel 300 E-Clutch
Honda	CMX450C Rebel
Honda	CMX500 Rebel 500
Honda	CMX500 Rebel 500 ABS
Honda	CMX500 Rebel 500 ABS SE
Honda	CN250 Helix
Honda	CR125M
Honda	CR125R
Honda	CR250M
Honda	CR250R
Honda	CR450R
Honda	CR480R
Honda	CR500R
Honda	CR60R
Honda	CR80R
Honda	CR80RB Expert
Honda	CR85R
Honda	CR85RB Expert
Honda	CRF1000L Africa Twin
Honda	CRF1000L Africa Twin ABS
Honda	CRF1000L Africa Twin DCT
Honda	CRF1000L2 Africa Twin Adventure Sports
Honda	CRF1000L2 Africa Twin Adventure Sports DCT
Honda	CRF100F
Honda	CRF1100A Africa Twin
Honda	CRF1100A4 Africa Twin Adventure Sports
Honda	CRF1100A4 Africa Twin Adventure Sports DCT
Honda	CRF1100D Africa Twin
Honda	CRF1100D4 Africa Twin Adventure Sports DCT
Honda	CRF1100L Africa Twin
Honda	CRF1100L Africa Twin DCT
Honda	CRF1100L4 Africa Twin Adventure Sports ES
Honda	CRF1100L4 Africa Twin Adventure Sports ES DCT
Honda	CRF110F
Honda	CRF125F
Honda	CRF125FB Big Wheel
Honda	CRF150F
Honda	CRF150R
Honda	CRF150R Expert
Honda	CRF230F
Honda	CRF230L
Honda	CRF230M
Honda	CRF250F
Honda	CRF250L
Honda	CRF250L ABS
Honda	CRF250L Rally
Honda	CRF250L Rally ABS
Honda	CRF250R
Honda	CRF250RWE
Honda	CRF250RX
Honda	CRF250X
Honda	CRF300F
Honda	CRF300L
Honda	CRF300L ABS
Honda	CRF300L Rally
Honda	CRF300L Rally ABS
Honda	CRF300LS
Honda	CRF450L
Honda	CRF450R
Honda	CRF450R 50th Anniversary Edition
Honda	CRF450R-S
Honda	CRF450RL
Honda	CRF450RWE
Honda	CRF450RX
Honda	CRF450X
Honda	CRF50F
Honda	CRF70F
Honda	CRF80F
Honda	CRUISING 125
Honda	CT110
Honda	CT125
Honda	CT125A Trail 125 ABS
Honda	CT200
Honda	CT70
Honda	CT90
Honda	CTX1300
Honda	CTX1300D Deluxe
Honda	CTX700
Honda	CTX700 DCT ABS
Honda	CTX700N
Honda	CTX700N DCT ABS
Honda	CTX700ND
Honda	CX500
Honda	CX500C Custom
Honda	CX500D Deluxe
Honda	CX500TC Turbo
Honda	CX650C Custom
Honda	CX650T Turbo
Honda	Dax 125
Honda	DIO 110
Honda	DIO 125
Honda	Dio110
Honda	Dream Neo 110
Honda	Elite
Honda	Elite Tricolor
Honda	EZ90 Cub
Honda	FSC600 Silver Wing
Honda	FSC600A Silver Wing ABS
Honda	FT500 Ascot
Honda	GB500
Honda	GL 150 DS
Honda	GL1000 Gold Wing
Honda	GL1100 Gold Wing
Honda	GL1100A Gold Wing Aspencade
Honda	GL1100I Gold Wing Interstate
Honda	GL1200 Gold Wing
Honda	GL1200A Gold Wing Aspencade
Honda	GL1200I Gold Wing Interstate
Honda	GL1200L Gold Wing Limited
Honda	GL1200SEI Gold Wing Aspencade
Honda	GL150
Honda	GL1500 Gold Wing
Honda	GL1500A Gold Wing Aspencade
Honda	GL1500C/CD Valkyrie
Honda	GL1500CF Valkyrie Interstate
Honda	GL1500CT Valkyrie Tour
Honda	GL1500I Gold Wing Interstate
Honda	GL1500SE Gold Wing Special Edition
Honda	GL1800 Gold Wing
Honda	GL1800 Gold Wing 50th Anniversary
Honda	GL1800 Gold Wing Airbag
Honda	GL1800 Gold Wing Automatic DCT
Honda	GL1800 Gold Wing DCT 50th Anniversary
Honda	GL1800 Gold Wing Tour
Honda	GL1800 Gold Wing Tour 50th Anniversary
Honda	GL1800 Gold Wing Tour Airbag Automatic DCT
Honda	GL1800 Gold Wing Tour Airbag DCT 50th Anniversary
Honda	GL1800 Gold Wing Tour Automatic DCT
Honda	GL1800 Gold Wing Tour DCT 50th Anniversary
Honda	GL1800 Valkyrie
Honda	GL1800 Valkyrie ABS
Honda	GL1800A Gold Wing ABS
Honda	GL1800B Gold Wing F6B
Honda	GL1800B Gold Wing F6B Deluxe
Honda	GL1800HP Gold Wing Audio/Comfort
Honda	GL1800HPN Gold Wing Audio/Comfort/Navi
Honda	GL1800HPNA Gold Wing Audio/Comfort/Navi/ABS
Honda	GL1800HPNM Gold Wing Audio/Comfort/Navi/XM
Honda	GL1800HPNM Gold Wing Audio/Comfort/Navi/XM/ABS
Honda	GL1800P Gold Wing Premium Audio
Honda	GL500 Silver Wing
Honda	GL500I Silver Wing Interstate
Honda	GL650 Silver Wing
Honda	GL650I Silver Wing Interstate
Honda	Grom
Honda	Grom 125
Honda	Grom 125 ABS
Honda	Grom ABS
Honda	Grom SP
Honda	INVICTA 150
Honda	MB5
Honda	Monkey
Honda	Monkey ABS
Honda	MR175
Honda	MR250
Honda	MR50
Honda	MRT260 Montesa Cota 4RT260
Honda	MRT2603E Montesa Cota 4RT 260R
Honda	MRT2603E Montesa Cota 4RT260
Honda	MRT2604E Montesa Cota 4RT Race Replica
Honda	MRT2604F Montesa Cota 4RT Repsol Ed.
Honda	MRT2604F Montesa Cota 4RT260
Honda	MRT260N Montesa Cota 4RT 260R
Honda	MRT300 Montesa Cota 300RR
Honda	MRT300L Montesa Cota 301RR
Honda	MRT301N Montesa Cota 4RT 301RR
Honda	MRT301N Montesa Cota 4RT 301RR Race Replica
Honda	MT125
Honda	MT250
Honda	NA50
Honda	NAVi
Honda	NAVi 110
Honda	NB50 Aero
Honda	NC50
Honda	NC700J NM4
Honda	NC700X
Honda	NC700X DCT ABS
Honda	NC750X
Honda	NC750X DCT
Honda	NC750XA
Honda	NC750XD
Honda	NCH50 Metropolitan
Honda	NCW50 Metropolitan
Honda	NH125 Aero
Honda	NH80 Aero
Honda	NHX110 Elite
Honda	NPS50 Ruckus
Honda	NPS50S Ruckus
Honda	NQ50 Spree
Honda	NRX1800 Rune
Honda	NS50F
Honda	NSA700 DN-01
Honda	NSF100
Honda	NSR50
Honda	NSS 250 Jazz
Honda	NSS250 Reflex
Honda	NSS250A Reflex ABS
Honda	NSS250AS Reflex Sport ABS
Honda	NSS250S Reflex Sport
Honda	NSS300 Forza
Honda	NSS300A Forza ABS
Honda	NT1100 DCT
Honda	NT1100A
Honda	NT1100D
Honda	NT650 Hawk GT
Honda	NT700V
Honda	NT700VA ABS
Honda	NU50
Honda	NU50M
Honda	NVA110B Navi
Honda	NX125
Honda	NX250
Honda	NX500
Honda	NX50M
Honda	NX650
Honda	P50
Honda	PA50 I
Honda	PA50 II
Honda	PC50
Honda	PC800 Pacific Coast
Honda	PCX125
Honda	PCX150
Honda	PCX150 ABS
Honda	PS250 Big Ruckus
Honda	QA50
Honda	RC213V-S
Honda	RVF750R RC45
Honda	RVT1000R RC51
Honda	S65
Honda	S90
Honda	SA50 Elite SR
Honda	SA50P Elite S
Honda	SB50 Elite
Honda	SCL500
Honda	SE50 Elite S
Honda	SE50P Elite
Honda	SH150i
Honda	SL100
Honda	SL125
Honda	SL175
Honda	SL350
Honda	SL70
Honda	SL90
Honda	SS125
Honda	ST1100
Honda	ST1100 ABS
Honda	ST1300
Honda	ST1300 ABS
Honda	ST90
Honda	TL125
Honda	TL250
Honda	TLR200
Honda	TR200
Honda	VF1000F Interceptor
Honda	VF1000R
Honda	VF1100C V65 Magna
Honda	VF1100S V65 Sabre
Honda	VF500C V30 Magna
Honda	VF500F Interceptor
Honda	VF700C Magna
Honda	VF700F Interceptor
Honda	VF700S Sabre
Honda	VF750C Magna
Honda	VF750C V45 Magna
Honda	VF750CD Magna Deluxe
Honda	VF750F V45 Interceptor
Honda	VF750S V45 Sabre
Honda	VFR1200F
Honda	VFR1200F DCT
Honda	VFR1200X
Honda	VFR1200X DCT
Honda	VFR700F Interceptor
Honda	VFR750F Interceptor
Honda	VFR750R RC30
Honda	VFR800 Interceptor
Honda	VFR800A Interceptor ABS
Honda	VFR800D Interceptor DLX
Honda	VT1100C Shadow
Honda	VT1100C Shadow Spirit
Honda	VT1100C2 Shadow ACE
Honda	VT1100C2 Shadow Sabre
Honda	VT1100C3 Shadow Aero
Honda	VT1100T Shadow ACE Tour
Honda	VT1300CR Stateline
Honda	VT1300CRA Stateline ABS
Honda	VT1300CS Sabre
Honda	VT1300CSA Sabre ABS
Honda	VT1300CT Interstate
Honda	VT1300CTA Interstate ABS
Honda	VT13CX Fury
Honda	VT13CXA Fury ABS
Honda	VT500C Shadow
Honda	VT500FT Ascot
Honda	VT600C Shadow VLX
Honda	VT600CD Shadow VLX Deluxe
Honda	VT700C Shadow
Honda	VT750C Shadow
Honda	VT750C Shadow Aero
Honda	VT750C/CD Shadow ACE
Honda	VT750C2 Shadow Spirit
Honda	VT750C2 Shadow Spirit ABS
Honda	VT750C2B Shadow Phantom
Honda	VT750C2BS Shadow Phantom ABS
Honda	VT750CA Shadow Aero ABS
Honda	VT750DC Shadow Spirit
Honda	VT750RS Shadow RS
Honda	VT800C Shadow
Honda	VTR1000 Super Hawk
Honda	VTR250 Interceptor
Honda	VTX1300C
Honda	VTX1300R
Honda	VTX1300S
Honda	VTX1300T
Honda	VTX1800C
Honda	VTX1800F
Honda	VTX1800N
Honda	VTX1800R
Honda	VTX1800S
Honda	VTX1800T
Honda	WAVE 100
Honda	Wave 110
Honda	Wave 110S
Honda	XL100
Honda	XL100S
Honda	XL125
Honda	XL125S
Honda	XL175
Honda	XL185S
Honda	XL200R
Honda	XL250
Honda	XL250R
Honda	XL250S
Honda	XL350
Honda	XL350R
Honda	XL500R
Honda	XL500S
Honda	XL600R
Honda	XL600V Transalp
Honda	XL650V Transalp
Honda	XL70
Honda	XL75
Honda	XL750 Transalp
Honda	XL80S
Honda	XR100
Honda	XR100R
Honda	XR150L
Honda	XR150L Rally
Honda	XR150LE
Honda	XR150LEK
Honda	XR185
Honda	XR190 DLX
Honda	XR190 STD
Honda	XR190L
Honda	XR200
Honda	XR200R
Honda	XR250
Honda	XR250 TORNADO
Honda	XR250L
Honda	XR250R
Honda	XR350R
Honda	XR400R
Honda	XR500
Honda	XR500R
Honda	XR50R
Honda	XR600R
Honda	XR650L
Honda	XR650R
Honda	XR70R
Honda	XR75
Honda	XR80
Honda	XR80R
Honda	XRE300
Honda	XRE300 ABS DLX
Honda	XRE300 Rally
Honda	Z50A
Honda	Z50R
Honda	Z50RD
Honda	ZB50
Honda	ZOOMER X
Suzuki	A100
Suzuki	AC50
Suzuki	AN125
Suzuki	AN400 Burgman
Suzuki	AN400 Burgman ABS
Suzuki	AN400S Burgman Type S
Suzuki	AN650 Burgman
Suzuki	AN650A Burgman ABS
Suzuki	AN650A Burgman ABS Executive
Suzuki	AN650A Burgman Executive
Suzuki	AS50
Suzuki	AX100
Suzuki	AX4
Suzuki	C109R Boulevard
Suzuki	C109RT Boulevard
Suzuki	C50 Boulevard
Suzuki	C50 Boulevard B.O.S.S.
Suzuki	C50 Boulevard SE
Suzuki	C50B Boulevard
Suzuki	C50C Boulevard
Suzuki	C50T Boulevard
Suzuki	C50T Boulevard Classic
Suzuki	C50T Boulevard Special
Suzuki	C90 Boulevard
Suzuki	C90 Boulevard B.O.S.S.
Suzuki	C90B Boulevard
Suzuki	C90T Boulevard
Suzuki	C90T Boulevard B.O.S.S.
Suzuki	DL1000 V-Strom
Suzuki	DL1000 V-Strom ABS
Suzuki	DL1000 V-Strom ABS Adventure
Suzuki	DL1000 V-Strom Adventure
Suzuki	DL1000 V-Strom XT
Suzuki	DL1000 V-Strom XT Adventure
Suzuki	DL1050 V-Strom 1050
Suzuki	DL1050 V-Strom 1050DE
Suzuki	DL1050 V-Strom 1050DE Adventure
Suzuki	DL1050 V-Strom 1050XT
Suzuki	DL1050 V-Strom 1050XT Adventure
Suzuki	DL250L8 V-Strom
Suzuki	DL250L8 V-Strom ABS
Suzuki	DL650 V-Strom
Suzuki	DL650 V-Strom ABS
Suzuki	DL650A V-Strom 650 ABS
Suzuki	DL650A V-Strom 650XT
Suzuki	DL650A V-Strom 650XT Adventure
Suzuki	DL650A V-Strom ABS
Suzuki	DL650A V-Strom ABS Adventure
Suzuki	DL650A V-Strom XT
Suzuki	DL650A V-Strom XT ABS
Suzuki	DL650A V-Strom XT Adventure
Suzuki	DL650A V-Strom XT Touring
Suzuki	DL650XA V-Strom XT ABS
Suzuki	DL800 V-Strom 800
Suzuki	DL800 V-Strom 800 Touring
Suzuki	DL800 V-Strom 800DE
Suzuki	DL800 V-Strom 800DE Adventure
Suzuki	DR-Z110
Suzuki	DR-Z125
Suzuki	DR-Z125L
Suzuki	DR-Z250
Suzuki	DR-Z400
Suzuki	DR-Z400E
Suzuki	DR-Z400S
Suzuki	DR-Z400SM
Suzuki	DR-Z4S
Suzuki	DR-Z4SM
Suzuki	DR-Z50
Suzuki	DR-Z70
Suzuki	DR100
Suzuki	DR125
Suzuki	DR125SE
Suzuki	DR200
Suzuki	DR200S
Suzuki	DR200SE
Suzuki	DR250
Suzuki	DR250SE
Suzuki	DR350
Suzuki	DR350S
Suzuki	DR350SE
Suzuki	DR370
Suzuki	DR400
Suzuki	DR500
Suzuki	DR650
Suzuki	DR650S
Suzuki	DR650SE
Suzuki	DR650SES
Suzuki	DS100
Suzuki	DS125
Suzuki	DS185
Suzuki	DS250
Suzuki	DS80
Suzuki	EN125-2A
Suzuki	EN125HU Huracan
Suzuki	EN125HUZ Huracan
Suzuki	F50
Suzuki	FA50
Suzuki	FD110
Suzuki	FS50
Suzuki	FZ50
Suzuki	GD115 AX4
Suzuki	GE110 Hayate
Suzuki	GE110 Hayate EP
Suzuki	Gixxer
Suzuki	Gixxer 150
Suzuki	Gixxer 250 ABS
Suzuki	Gixxer Bi-Tono
Suzuki	Gixxer SF
Suzuki	Gixxer SF 150
Suzuki	Gixxer SF FI
Suzuki	Gixxer SF FI Bi-Tono
Suzuki	Gixxer SF FI GP
Suzuki	Gixxer SF GP
Suzuki	Gixxer SF250
Suzuki	Gixxer SF250 Edicion Limitada
Suzuki	Gixxer SF250 GP
Suzuki	GL150RLA Intruder ABS
Suzuki	Gladius
Suzuki	GN125
Suzuki	GN125E
Suzuki	GN125F
Suzuki	GN250
Suzuki	GN400
Suzuki	GR650 Tempter
Suzuki	GS1000
Suzuki	GS1000E
Suzuki	GS1000G
Suzuki	GS1000GL
Suzuki	GS1000L
Suzuki	GS1000S
Suzuki	GS1000S Katana
Suzuki	GS1100E
Suzuki	GS1100ES
Suzuki	GS1100G
Suzuki	GS1100GK
Suzuki	GS1100GL
Suzuki	GS1100L
Suzuki	GS1100S Katana
Suzuki	GS1150E
Suzuki	GS1150ES
Suzuki	GS150R
Suzuki	GS250T
Suzuki	GS300L
Suzuki	GS400X
Suzuki	GS425
Suzuki	GS425E
Suzuki	GS425L
Suzuki	GS450E
Suzuki	GS450GA
Suzuki	GS450L
Suzuki	GS450S
Suzuki	GS450T
Suzuki	GS450TX
Suzuki	GS500
Suzuki	GS500F
Suzuki	GS550
Suzuki	GS550E
Suzuki	GS550ES
Suzuki	GS550L
Suzuki	GS550M
Suzuki	GS550T
Suzuki	GS650E
Suzuki	GS650G
Suzuki	GS650GL
Suzuki	GS650M Katana
Suzuki	GS700E
Suzuki	GS700ES
Suzuki	GS750
Suzuki	GS750E
Suzuki	GS750ES
Suzuki	GS750L
Suzuki	GS750S Katana
Suzuki	GS750T
Suzuki	GS850G
Suzuki	GS850GL
Suzuki	GSF1200S Bandit
Suzuki	GSF1250S Bandit
Suzuki	GSF1250SA Bandit ABS
Suzuki	GSF400 Bandit
Suzuki	GSF600S Bandit
Suzuki	GSX-8R
Suzuki	GSX-8S
Suzuki	GSX-8T
Suzuki	GSX-8TT
Suzuki	GSX-R1000
Suzuki	GSX-R1000 1 Million C.E.
Suzuki	GSX-R1000 40th Anniversary
Suzuki	GSX-R1000 A
Suzuki	GSX-R1000 A ABS
Suzuki	GSX-R1000 A GP
Suzuki	GSX-R1000 A MotoGP
Suzuki	GSX-R1000 ABS
Suzuki	GSX-R1000 Commemorative Edition
Suzuki	GSX-R1000 GP
Suzuki	GSX-R1000 MotoGP
Suzuki	GSX-R1000 SE
Suzuki	GSX-R1000R
Suzuki	GSX-R1000R 100th Anniversary Edition
Suzuki	GSX-R1000R 40th Anniversary
Suzuki	GSX-R1000R ABS
Suzuki	GSX-R1000R GP
Suzuki	GSX-R1000RZ
Suzuki	GSX-R1000X
Suzuki	GSX-R1100
Suzuki	GSX-R150
Suzuki	GSX-R150 GP
Suzuki	GSX-R150 MotoGP
Suzuki	GSX-R600
Suzuki	GSX-R600 100th Anniversary Edition
Suzuki	GSX-R600 30 Years
Suzuki	GSX-R600 GP
Suzuki	GSX-R600 MotoGP
Suzuki	GSX-R600Z
Suzuki	GSX-R600Z 40th Anniversary
Suzuki	GSX-R750
Suzuki	GSX-R750 100th Anniversary Edition
Suzuki	GSX-R750 50th Ann. Edition
Suzuki	GSX-R750Z
Suzuki	GSX-R750Z 40th Anniversary
Suzuki	GSX-S1000
Suzuki	GSX-S1000 ABS
Suzuki	GSX-S1000F ABS
Suzuki	GSX-S1000FZ
Suzuki	GSX-S1000GT
Suzuki	GSX-S1000GT+
Suzuki	GSX-S1000GX+
Suzuki	GSX-S1000S Katana
Suzuki	GSX-S1000Z
Suzuki	GSX-S150
Suzuki	GSX-S150 GP
Suzuki	GSX-S150 MotoGP
Suzuki	GSX-S750
Suzuki	GSX-S750 ABS
Suzuki	GSX-S750Z
Suzuki	GSX-S750Z ABS
Suzuki	GSX1100F Katana
Suzuki	GSX1100G
Suzuki	GSX1250FA
Suzuki	GSX1300BK B-King
Suzuki	GSX1300R Hayabusa
Suzuki	GSX1300R Hayabusa 25th Anniversary
Suzuki	GSX1300R Hayabusa 50th Ann. Edition
Suzuki	GSX1300R Hayabusa Limited Edition
Suzuki	GSX1300RA  Hayabusa
Suzuki	GSX250R
Suzuki	GSX250R ABS
Suzuki	GSX250R MotoGP
Suzuki	GSX600F Katana
Suzuki	GSX650F
Suzuki	GSX750F Katana
Suzuki	GSXR50
Suzuki	GT185
Suzuki	GT250
Suzuki	GT380
Suzuki	GT500
Suzuki	GT550
Suzuki	GT750 Le Mans
Suzuki	GV1200 Madura
Suzuki	GV1400 Cavalcade
Suzuki	GV700GL Madura
Suzuki	GW250
Suzuki	GW250F
Suzuki	GZ150
Suzuki	GZ150-A
Suzuki	GZ150HC GZ150
Suzuki	GZ250
Suzuki	Inazuma
Suzuki	Intruder ABS
Suzuki	JR50
Suzuki	JR80
Suzuki	Katana
Suzuki	LS650 Savage
Suzuki	M109R Boulevard
Suzuki	M109R Boulevard B.O.S.S.
Suzuki	M109R2 Boulevard
Suzuki	M109RZ Boulevard Limited
Suzuki	M50 Boulevard
Suzuki	M50 Boulevard Limited
Suzuki	M50 Boulevard SE
Suzuki	M50B Boulevard
Suzuki	M90 Boulevard
Suzuki	M95 Boulevard
Suzuki	MT50
Suzuki	OR50
Suzuki	PE175
Suzuki	PE250
Suzuki	PE400
Suzuki	RE5
Suzuki	RF600
Suzuki	RF900
Suzuki	RL250
Suzuki	RM100
Suzuki	RM125
Suzuki	RM250
Suzuki	RM370
Suzuki	RM400
Suzuki	RM465
Suzuki	RM50
Suzuki	RM500
Suzuki	RM60
Suzuki	RM65
Suzuki	RM80
Suzuki	RM85
Suzuki	RM85L
Suzuki	RMX250
Suzuki	RMX450Z
Suzuki	RMZ250
Suzuki	RMZ250 RM Army Edition
Suzuki	RMZ450
Suzuki	RMZ450 RM Army Edition
Suzuki	RS175
Suzuki	RS250
Suzuki	RV125
Suzuki	RV200 VanVan 200
Suzuki	RV90
Suzuki	S40 Boulevard
Suzuki	S50 Boulevard
Suzuki	S83 Boulevard
Suzuki	SFV650
Suzuki	SFV650 Gladius
Suzuki	SP100
Suzuki	SP125
Suzuki	SP200
Suzuki	SP250
Suzuki	SP370
Suzuki	SP400
Suzuki	SP500
Suzuki	SP600
Suzuki	SV1000/S
Suzuki	SV650
Suzuki	SV650 ABS
Suzuki	SV650A ABS
Suzuki	SV650S
Suzuki	SV650SA ABS
Suzuki	SV650X
Suzuki	T125R
Suzuki	T20
Suzuki	T250
Suzuki	T250RJ
Suzuki	T305
Suzuki	T350
Suzuki	T500 Titan
Suzuki	TC100
Suzuki	TC120
Suzuki	TC125
Suzuki	TC185
Suzuki	TC250
Suzuki	TC305
Suzuki	TL1000R
Suzuki	TL1000S
Suzuki	TM100
Suzuki	TM125
Suzuki	TM250
Suzuki	TM400
Suzuki	TM75
Suzuki	TS100
Suzuki	TS125
Suzuki	TS185
Suzuki	TS250
Suzuki	TS400
Suzuki	TS50
Suzuki	TS75
Suzuki	TU250
Suzuki	TU250X
Suzuki	UB125 Burgman Street
Suzuki	UH200 Burgman ABS
Suzuki	UR100 Lets
Suzuki	UR110 Let's
Suzuki	V-Strom 250 SX
Suzuki	V-Strom 800DE
Suzuki	VanVan 200
Suzuki	VL1500 Intruder
Suzuki	VL800 Intruder Volusia
Suzuki	VS1400GL Intruder
Suzuki	VS700 Intruder
Suzuki	VS750GL Intruder
Suzuki	VS800GL Intruder
Suzuki	VX800
Suzuki	VZ1600 Marauder
Suzuki	VZ800 Marauder
Suzuki	XN85 Turbo
American IronHorse	Bandera
American IronHorse	Bandit
American IronHorse	Classic
American IronHorse	Classic Chop
American IronHorse	Judge
American IronHorse	Legend
American IronHorse	LSC
American IronHorse	Outlaw
American IronHorse	Ranger
American IronHorse	Ranger T
American IronHorse	Slammer
American IronHorse	Stalker
American IronHorse	Tejas
American IronHorse	Texas Chopper
American IronHorse	Thunder
Aprilia	Atlantic 500
Aprilia	Caponord 1200
Aprilia	Caponord 1200 ABS
Aprilia	Caponord 1200 ABS Rally
Aprilia	Caponord 1200 ABS Travel Pack
Aprilia	Caponord 1200 Rally
Aprilia	Dorsoduro 1200
Aprilia	Dorsoduro 750
Aprilia	Dorsoduro 750 ABS
Aprilia	Dorsoduro 900
Aprilia	ETV 1000 Caponord
Aprilia	Mana 850
Aprilia	Mana 850 GT ABS
Aprilia	Mojito 150
Aprilia	Mojito Custom 50
Aprilia	MXV 450
Aprilia	Pegaso 650
Aprilia	Pegaso 650 Factory
Aprilia	Pegaso 650 Trail
Aprilia	Rally 50 (Air Cooled)
Aprilia	RS 125
Aprilia	RS 250
Aprilia	RS 457
Aprilia	RS 50
Aprilia	RS 660
Aprilia	RS 660 Extrema
Aprilia	RS 660 Factory
Aprilia	RS 660 Stars & Stripes Limited Edition
Aprilia	RS4 125
Aprilia	RST1000 Futura
Aprilia	RSV 1000 R
Aprilia	RSV 1000 R Factory
Aprilia	RSV Mille
Aprilia	RSV Mille R
Aprilia	RSV Mille R Haga
Aprilia	RSV Mille R Nera
Aprilia	RSV Mille SP
Aprilia	RSV4 1100
Aprilia	RSV4 1100 Factory
Aprilia	RSV4 1100 Factory SE-09 SBK
Aprilia	RSV4 Factory
Aprilia	RSV4 Factory APRC ABS
Aprilia	RSV4 Factory SE
Aprilia	RSV4 FW-GP
Aprilia	RSV4 R
Aprilia	RSV4 R APRC ABS
Aprilia	RSV4 RF
Aprilia	RSV4 RF LE
Aprilia	RSV4 RR
Aprilia	RSV4 RR Misano
Aprilia	RXV 450
Aprilia	RXV 550
Aprilia	Scarabeo 100
Aprilia	Scarabeo 125
Aprilia	Scarabeo 150
Aprilia	Scarabeo 200
Aprilia	Scarabeo 250
Aprilia	Scarabeo 50 2T
Aprilia	Scarabeo 50 4T
Aprilia	Scarabeo 50 Ditech
Aprilia	Scarabeo 500 ie
Aprilia	Shiver 750
Aprilia	Shiver 900
Aprilia	SL 750 Shiver
Aprilia	SL1000 Falco
Aprilia	SMV 750 Dorsoduro
Aprilia	Sportcity 125
Aprilia	Sportcity 250
Aprilia	Sportcity 50
Aprilia	Sportcity Cube 250
Aprilia	SR 160
Aprilia	SR 160 Carbon
Aprilia	SR 160 Race
Aprilia	SR 50
Aprilia	SR 50 Ditech
Aprilia	SR 50 R Factory
Aprilia	SR 50 R Replica SBK
Aprilia	SR GT 200 Sport
Aprilia	SR Motard 150
Aprilia	SR Motard 160
Aprilia	SR Motard 50
Aprilia	SXR 160
Aprilia	SXV 450
Aprilia	SXV 550
Aprilia	Tuareg 660
Aprilia	Tuareg 660 Factory
Aprilia	Tuareg 660 Rally
Aprilia	Tuono 1000
Aprilia	Tuono 1000 R
Aprilia	Tuono 1000 R Factory
Aprilia	Tuono 457
Aprilia	Tuono 660
Aprilia	Tuono 660 Factory
Aprilia	Tuono Fighter 1000
Aprilia	Tuono Racer 1000
Aprilia	Tuono V4
Aprilia	Tuono V4 1000
Aprilia	Tuono V4 1100
Aprilia	Tuono V4 1100 Factory
Aprilia	Tuono V4 1100 Factory ABS
Aprilia	Tuono V4 1100 RR
Aprilia	Tuono V4 1100 RR ABS
Aprilia	Tuono V4 1100 RR Misano
Aprilia	Tuono V4 Factory
Aprilia	Tuono V4 R APRC
Aprilia	Tuono V4 R APRC ABS
ATK	125 CC
ATK	125 DS
ATK	125 Enduro
ATK	125 Enduro (4-Stroke)
ATK	125 LQ
ATK	125 PE
ATK	200
ATK	250
ATK	250 CC
ATK	250 Enduro
ATK	250 LQ
ATK	250 LQ MT
ATK	250 MX
ATK	260 Enduro
ATK	260 LQ
ATK	350
ATK	350 CC
ATK	350 DS
ATK	350 Enduro
ATK	350 MX
ATK	406
ATK	406 CC
ATK	406 MX
ATK	450 Dirt Track
ATK	450 Enduro
ATK	450 Motard
ATK	450 MX
ATK	450 OR
ATK	450 VR
ATK	450 XC
ATK	450MX
ATK	450VR
ATK	490 CC
ATK	490 Enduro
ATK	50 CC
ATK	50 MX
ATK	50 MXA
ATK	50 MXE
ATK	50 MXLQ
ATK	50 MXN
ATK	50 TA
ATK	50 TE
ATK	50 TLQ
ATK	50 TN
ATK	500
ATK	500 DT
ATK	500 Enduro
ATK	500 MT
ATK	560
ATK	600 DT
ATK	600 DTM
ATK	600 MT
ATK	604
ATK	604 CC
ATK	604 MX
ATK	605
ATK	605 CC
ATK	605 DS
ATK	605 Enduro
ATK	605 LE
ATK	605 MX
ATK	620 Intimidator
ATK	700 Intimidator
ATK	GT250
ATK	GT250R
ATK	GT650R
ATK	GV250
ATK	GV650
Bajaj	Avenger 220
Bajaj	Avenger Cruise 220
Bajaj	Avenger Street 150
Bajaj	Avenger Street 220
Bajaj	Boxer 150
Bajaj	Boxer BM 150
Bajaj	CT 100
Bajaj	Discover 125
Bajaj	Discover 125 M
Bajaj	Discover 125 ST
Bajaj	Discover 150 S
Bajaj	Dominar 250
Bajaj	Dominar 400
Bajaj	Dominar 400 TE
Bajaj	Dominar 400 UG Touring
Bajaj	Dominar D400
Bajaj	Platina 100
Bajaj	Platina 100 ES
Bajaj	Platina 100 S
Bajaj	Platina 125
Bajaj	Platina 125 NS
Bajaj	Pulsar 125 NS
Bajaj	Pulsar 125 NS UG
Bajaj	Pulsar 135 LS
Bajaj	Pulsar 150 AS
Bajaj	Pulsar 150 LS
Bajaj	Pulsar 150 Neon
Bajaj	Pulsar 150 NS
Bajaj	Pulsar 160 NS
Bajaj	Pulsar 160 NS TD
Bajaj	Pulsar 160 NS UG
Bajaj	Pulsar 180
Bajaj	Pulsar 180 LS
Bajaj	Pulsar 200 AS
Bajaj	Pulsar 200 FI NS ABS
Bajaj	Pulsar 200 NS
Bajaj	Pulsar 200 NS FI
Bajaj	Pulsar 200 NS FI ABS
Bajaj	Pulsar 200 NS FI ABS Edicion Limitada
Bajaj	Pulsar 200 NS UG
Bajaj	Pulsar 200 RS
Bajaj	Pulsar 220 Neon
Bajaj	Pulsar LS 125
Bajaj	Pulsar N 160
Bajaj	Pulsar N 160 FI ABS
Bajaj	Pulsar N 160 FI ABS UG
Bajaj	Pulsar N 250
Bajaj	Pulsar N 250 FI
Bajaj	Pulsar N 250 FI ABS
Bajaj	Pulsar N 250 FI UG
Bajaj	Pulsar NS 200 FI
Bajaj	Pulsar NS 250
Bajaj	Pulsar NS400Z
Bajaj	Pulsar RS 200
Bajaj	V15
Benda	Chinchilla 300
Benda	Chinchilla 450
Benda	Dark Flag 500
Benda	LFC 700
Benda	LFC 700 Pro
Benda	LFS 700
Benda	Napoleonbob 250
Benda	Napoleonbob 500
Benda	Rock 300
Benelli	180S
Benelli	2ue 756
Benelli	302S
Benelli	502C
Benelli	752S
Benelli	BX 449 Enduro
Benelli	BX 505 Enduro
Benelli	Cafe Racer 1130
Benelli	Caffe Nero 250
Benelli	Imperiale 400
Benelli	Leoncino 250
Benelli	Pepe 50
Benelli	Pepe 50 LX
Benelli	QuattroNove X
Benelli	QuattroNove X off road
Benelli	Titanium 05
Benelli	Titanium 07
Benelli	TNT
Benelli	TNT Sport
Benelli	TNT Sport Evo
Benelli	TNT135
Benelli	TNT150i
Benelli	TNT180S
Benelli	TNT25N
Benelli	Tornado Naked Tre 1130
Benelli	Tornado Naked Tre 1130 Sport
Benelli	Tornado Naked Tre 1130 Sport Evo
Benelli	Tornado Naked Tre 889
Benelli	Tornado Naked Tre 889 s
Benelli	Tornado Tre 1130
Benelli	Tornado Tre 900
Benelli	Tornado Tre 900 RS
Benelli	Tornado Tre LE
Benelli	Tre 1130 K
Benelli	Tre 1130 K Amazonas
Benelli	TRK251
Benelli	TRK502
Benelli	TRK502X
Benelli	Velvet 125
Benelli	Velvet 150
Benelli	Velvet 250
Benelli	VZ 125i
Beta	125 RR
Beta	125 RR X-Pro
Beta	125 RR-Race Edition
Beta	125 RR-S
Beta	200 RR
Beta	200 RR X-Pro
Beta	200 RR-Race Edition
Beta	250 RR
Beta	250 RR (2 Stroke)
Beta	250 RR X-Pro
Beta	250 RR-Race Edition
Beta	250 RR-Race Edition (2-Stroke)
Beta	250 RX
Beta	250 Xtrainer
Beta	300 RR
Beta	300 RR (2 Stroke)
Beta	300 RR X-Pro
Beta	300 RR-Race Edition
Beta	300 RR-Race Edition (2-Stroke)
Beta	300 RX
Beta	300 Xtrainer
Beta	350 RR
Beta	350 RR EFI
Beta	350 RR X-Pro
Beta	350 RR-Race Edition
Beta	350 RR-S
Beta	350 RS
Beta	350 RX
Beta	390 RR
Beta	390 RR X-Pro
Beta	390 RR-Race Edition
Beta	390 RR-S
Beta	390 RS
Beta	400 RR
Beta	400 RS
Beta	400 SM
Beta	430 RR
Beta	430 RR X-Pro
Beta	430 RR-Race Edition
Beta	430 RR-S
Beta	430 RS
Beta	450 RC
Beta	450 RR
Beta	450 RR Cross Country
Beta	450 RR-Race Edition
Beta	450 RS
Beta	450 RS Super Moto
Beta	450 RX
Beta	450 SM
Beta	480 RR
Beta	480 RR X-Pro
Beta	480 RR-Race Edition
Beta	498 RR
Beta	498 RR-Race Edition
Beta	500 RR-S
Beta	500 RS
Beta	520 RR
Beta	520 RS
Beta	520 SM
Beta	525 RR
Beta	525 RS
Beta	525 RS Super Moto
Beta	Alp 200
Beta	Alp 4.0
Beta	ALP 4.0 350
Beta	Alp 4T 200
Beta	Alp X
Beta	ALP X 350
Beta	Euro 350
Beta	EVO 125
Beta	EVO 125 Factory
Beta	EVO 200
Beta	EVO 200 Factory
Beta	EVO 200 Sport
Beta	EVO 250 (2 Stroke)
Beta	EVO 250 (4 Stroke)
Beta	EVO 250 Factory (2 Stroke)
Beta	EVO 250 Sport (2 Stroke)
Beta	EVO 250 Sport (4 Stroke)
Beta	EVO 290
Beta	EVO 2T 125
Beta	EVO 2T 250
Beta	EVO 2T 300
Beta	EVO 2T 300 SS
Beta	EVO 2T Factory 125
Beta	EVO 2T Factory 200
Beta	EVO 2T Factory 250
Beta	EVO 2T Factory 300
Beta	EVO 300
Beta	EVO 300 (2 Stroke)
Beta	EVO 300 (4 Stroke)
Beta	EVO 300 Factory (2 Stroke)
Beta	EVO 300 Factory (4 Stroke)
Beta	EVO 300 Sport (2 Stroke)
Beta	EVO 300 Sport (4 Stroke)
Beta	EVO 300 SS
Beta	EVO 300 SS (2 Stroke)
Beta	EVO 300 SS Super Smooth
Beta	EVO 4T 300
Beta	EVO 4T Factory 300
Beta	EVO 80
Beta	EVO 80 JR
Beta	EVO 80 SR
Beta	Explorer
Beta	Gara
Beta	Jonathan 350
Beta	M4-4T
Beta	Mini 50 R10
Beta	Mini 50 R12
Beta	Mini Trials
Beta	MiniCross-E
Beta	Minitrail Electric 16
Beta	Minitrail Electric 20
Beta	Minitrial-E
Beta	Minitrial-E 16
Beta	Minitrial-E 20
Beta	Minitrials Electric 16in.
Beta	Minitrials Electric 20in.
Beta	R 107-4T
Beta	R10
Beta	R12
Beta	Rev3 125
Beta	Rev3 200
Beta	Rev3 250
Beta	Rev3 270
Beta	RR 125 4T Enduro R
Beta	RR 125 4T Enduro T
Beta	RR 125 4T Motard R
Beta	RR 125 4T Motard T
Beta	RR 50 Enduro
Beta	RR 50 Enduro Racing
Beta	RR 50 Enduro Sport
Beta	RR 50 Motard
Beta	RR 50 Motard Sport
Beta	RR 50 Motard Track
Beta	RR Race 2T 125
Beta	RR Race 2T 200
Beta	RR Race 2T 250
Beta	RR Race 2T 300
Beta	RR Race 4T 350
Beta	RR Race 4T 390
Beta	RR Race 4T 430
Beta	RR Race 4T 480
Beta	RR X-Pro 2T 125
Beta	RR X-Pro 2T 200
Beta	RR X-Pro 2T 250
Beta	RR X-Pro 2T 300
Beta	RR X-Pro 4T 350
Beta	RR X-Pro 4T 390
Beta	RR X-Pro 4T 430
Beta	RR X-Pro 4T 480
Beta	RX 2T 300
Beta	RX 4T 450
Beta	Steve Holcombe Replica
Beta	SuperTrial
Beta	Synt.
Beta	Techno 125
Beta	TR240 125
Beta	TR240 200
Beta	TR32 125
Beta	TR32 200
Beta	TR33
Beta	TR34 125
Beta	TR34 260
Beta	TR35
Beta	Xtrainer
Beta	Xtrainer 250
Beta	Xtrainer 300
Beta	Zero
Big Bear Choppers	Athena Chopper V111 Carb
Big Bear Choppers	Athena Chopper V111 EFI
Big Bear Choppers	Athena ProStreet V111 Carb
Big Bear Choppers	Athena ProStreet V111 EFI
Big Bear Choppers	Bear Bones V111 Carb
Big Bear Choppers	Bear Bones V111 EFI
Big Bear Choppers	Devils Advocate Chopper V111 Carb
Big Bear Choppers	Devils Advocate Chopper V111 EFI
Big Bear Choppers	Devils Advocate ProStreet V111 Carb
Big Bear Choppers	Devils Advocate ProStreet V111 EFI
Big Bear Choppers	Devils Advocate Two-Up V111 Carb
Big Bear Choppers	Devils Advocate Two-Up V111 EFI
Big Bear Choppers	G.T.X. 117 X-Wedge
Big Bear Choppers	G.T.X. V111 EFI
Big Bear Choppers	G.T.X.-F. 117 X-Wedge
Big Bear Choppers	G.T.X.-F. V111 EFI
Big Bear Choppers	Merc Rigid V111 Carb
Big Bear Choppers	Merc Softail V111 Carb
Big Bear Choppers	Miss Behavin V111 Carb
Big Bear Choppers	Miss Behavin V111 EFI
Big Bear Choppers	Paradox 117 X-Wedge
Big Bear Choppers	Paradox V111 Carb
Big Bear Choppers	Paradox V111 EFI
Big Bear Choppers	Rage V111 Carb
Big Bear Choppers	Rage V111 EFI
Big Bear Choppers	Reaper Chopper V111 Carb
Big Bear Choppers	Redemption Conventional V111 Carb
Big Bear Choppers	Redemption Conventional V111 EFI
Big Bear Choppers	Redemption V111 Carb
Big Bear Choppers	Redemption V111 EFI
Big Bear Choppers	Screamin Demon V111 Carb
Big Bear Choppers	The Sled Chopper V111 Carb
Big Bear Choppers	The Sled Chopper V111 EFI
Big Bear Choppers	The Sled ProStreet V111 Carb
Big Bear Choppers	The Sled ProStreet V111 EFI
Big Bear Choppers	Titanium S V111 Carb
Big Bear Choppers	Titanium T V111 Carb
Big Bear Choppers	Titanium V111 Carb
Big Bear Choppers	Venom Chopper V111 Carb
Big Bear Choppers	Venom Chopper V111 EFI
Big Bear Choppers	Venom ProStreet Two-Up V111 Carb
Big Bear Choppers	Venom ProStreet Two-Up V111 EFI
Big Bear Choppers	Venom ProStreet V111 Carb
Big Bear Choppers	Venom ProStreet V111 EFI
Big Dog	Boxer
Big Dog	Bulldog
Big Dog	Bulldog Sport
Big Dog	Chopper
Big Dog	Chopper BDM
Big Dog	Chopper DT
Big Dog	Chopper RT
Big Dog	Coyote
Big Dog	Husky
Big Dog	K-9
Big Dog	K-9 250
Big Dog	K-9 EFI
Big Dog	Mastiff
Big Dog	Mastiff EFI
Big Dog	Mutt
Big Dog	Pitbull
Big Dog	Pro Sport
Big Dog	Ridgeback
Big Dog	Vintage Sport
Big Dog	Wolf
Bimota	BB3
Bimota	DB11
Bimota	DB4
Bimota	DB5 E-R
Bimota	DB5R
Bimota	DB5S
Bimota	DB6 Delirio
Bimota	DB6R
Bimota	DB7
Bimota	DB8 Italia
Bimota	DB8 Oronero
Bimota	DB9 Brivido
Bimota	DB9 Brivido S
Bimota	DBX 1100
Bimota	DBX E B.Motard
Bimota	DBX RE B.Motard
Bimota	SB8R
Bimota	Tesi 3D
Bimota	Tesi 3D Biposto
Bimota	Tesi 40th Anniversary
Buell	1125CR
Buell	1125R
Buell	Blast
Buell	Lightning CityX XB9SX
Buell	M2 Cyclone
Buell	M2L Cyclone
Buell	RR1000
Buell	RR1200
Buell	RS1200
Buell	RSS1200
Buell	S1 Lightning
Buell	S1 White Lightning
Buell	S2 Thunderbolt
Buell	S2T Thunderbolt
Buell	S3 Thunderbolt
Buell	S3T Thunderbolt
Buell	X1 Lightning
Buell	X1W White Lightning
Buell	XB12R Firebolt
Buell	XB12S Lightning
Buell	XB12Scg Lightning
Buell	XB12Ss Lightning Long
Buell	XB12STT Lightning
Buell	XB12STT Lightning Super TT
Buell	XB12X Ulysses
Buell	XB12XP Ulysses Police
Buell	XB12XT Ulysses
Buell	XB9R Firebolt
Buell	XB9S Lightning
Buell	XB9SL
Buell	XB9SX Lightning
Buell	XB9SX Lightning CityX
Bultaco	Frontera 250
Bultaco	Frontera 370
Bultaco	Metralla 250
Bultaco	Metralla 250 GT
Bultaco	Pursang 250
Bultaco	Pursang 370
Bultaco	Streaker 125
Cagiva	Raptor 650
Cagiva	V Raptor 650
Can-Am	125 MX-6
Can-Am	175 MX-3
Can-Am	250 MX-6
Can-Am	400 MX-6
Can-Am	Origin
Can-Am	Origin '73
Can-Am	Pulse
Can-Am	Pulse '73
CFMOTO	150SC
CFMOTO	230 Dual
CFMOTO	250 CL-C
CFMOTO	250 CL-X
CFMOTO	250 NK ABS
CFMOTO	250 NK FUN
CFMOTO	250 SR
CFMOTO	250 SR ABS
CFMOTO	250 SR-S ABS
CFMOTO	250NK
CFMOTO	250NK FI
CFMOTO	250NK FI + ABS
CFMOTO	250SR
CFMOTO	250SR FI
CFMOTO	250SR FI + ABS
CFMOTO	300NK
CFMOTO	300SR
CFMOTO	300SS
CFMOTO	400 NK
CFMOTO	450 SR
CFMOTO	450 SR-S
CFMOTO	450CL-C
CFMOTO	450CL-C Bobber
CFMOTO	450MT High Fender
CFMOTO	450MT Low Fender
CFMOTO	450NK
CFMOTO	450SS
CFMOTO	500 SR VOOM
CFMOTO	650 Adventura
CFMOTO	650 GT
CFMOTO	650 MT
CFMOTO	650NK
CFMOTO	675NK
CFMOTO	675SS
CFMOTO	700CL-X
CFMOTO	700CL-X Heritage
CFMOTO	700CL-X Sport
CFMOTO	700MT
CFMOTO	800MT Explore
CFMOTO	800MT Sport
CFMOTO	800MT Touring
CFMOTO	800MT-X
CFMOTO	800NK
CFMOTO	800NK TC
CFMOTO	CFX-2E
CFMOTO	CFX-5E
CFMOTO	CX-2E
CFMOTO	CX-5E
CFMOTO	Ibex 450
CFMOTO	Ibex 800 E
CFMOTO	Ibex 800 S
CFMOTO	Ibex 800 T
CFMOTO	Papio
CFMOTO	Papio CL
CFMOTO	Papio SS
CFMOTO	Papio XO
CFMOTO	ST Papio
Cleveland	Model 31
Cleveland	Model 40
Cleveland	Model 41
Cleveland	Model 42
Cleveland	Model 43
Cobra	BM50
Cobra	CH2
Cobra	CM50
Cobra	CX1E 12
Cobra	CX1E 16
Cobra	CX3E
Cobra	CX50 FWE
Cobra	CX50 P3
Cobra	CX50 SRX FWE
Cobra	CX50 SRX King
Cobra	CX50-JR
Cobra	CX50-OI
Cobra	CX50-SR
Cobra	CX50BW
Cobra	CX50e
Cobra	CX50FWE
Cobra	CX50FWE Anniversary Edition
Cobra	CX50SR King Limited Edition
Cobra	CX5E
Cobra	CX65
Cobra	CX65 C.A.R.D.
Cobra	CX65 Limited Edition
Cobra	DC65
Cobra	ECX50
Cobra	ECX70
Cobra	KING
Cobra	P3
Cobra	PW3
Doohan	IDOU
Ducati	1000
Ducati	1000DS
Ducati	1098
Ducati	1098 R
Ducati	1098 R Bayliss LE
Ducati	1098 S
Ducati	1098 S Tricolore
Ducati	1198
Ducati	1198 R Corse
Ducati	1198 S
Ducati	1198 S Corse
Ducati	1198 SP
Ducati	1199 Panigale
Ducati	1199 Panigale R
Ducati	1199 Panigale S
Ducati	1199 Panigale S Tricolore
Ducati	1199 Superleggera
Ducati	1299 Panigale
Ducati	1299 Panigale R Final Edition
Ducati	1299 Panigale S
Ducati	1299 Panigale S Anniversario
Ducati	1299 Superleggera
Ducati	400
Ducati	620 Sport
Ducati	748
Ducati	748 Biposto
Ducati	748 Monoposto
Ducati	748 SP
Ducati	748 SPS
Ducati	748R
Ducati	748R Biposto
Ducati	748S
Ducati	748S Monoposto
Ducati	749
Ducati	749 Dark
Ducati	749R
Ducati	749S
Ducati	750
Ducati	750 F1 Laguna Seca
Ducati	750 Paso
Ducati	750 Sport
Ducati	800
Ducati	800 Sport
Ducati	848
Ducati	848 EVO
Ducati	848 EVO Corse SE
Ducati	851 Strada
Ducati	888 SPO
Ducati	888 Strada
Ducati	899 Panigale
Ducati	900
Ducati	900 Sport
Ducati	906 Paso
Ducati	916 Biposto
Ducati	916 Monoposto
Ducati	916 Senna
Ducati	916 SP
Ducati	916 SPS
Ducati	916 SPS Fogarty
Ducati	916 Strada
Ducati	959 Panigale
Ducati	959 Panigale Corse
Ducati	996
Ducati	996 Biposto
Ducati	996 Monoposto
Ducati	996 SPS
Ducati	996 SPS Fogarty
Ducati	996R
Ducati	996S
Ducati	996S Monoposto
Ducati	998 Biposto
Ducati	998 F Edition Biposto
Ducati	998 F Edition Monoposto
Ducati	998 Matrix
Ducati	998 Monoposto
Ducati	998R
Ducati	998S
Ducati	998S Bayliss
Ducati	998S Bostrom
Ducati	998S Monoposto
Ducati	999
Ducati	999R
Ducati	999R FILA
Ducati	999R Xerox
Ducati	999S
Ducati	DesertX
Ducati	DesertX Discovery
Ducati	DesertX Rally
Ducati	Desmo450 MX
Ducati	Desmosedici RR
Ducati	Diavel
Ducati	Diavel 1260
Ducati	Diavel 1260 S
Ducati	Diavel 1260 S Lamborghini
Ducati	Diavel AMG
Ducati	Diavel Carbon
Ducati	Diavel Cromo
Ducati	Diavel Dark
Ducati	Diavel Diesel
Ducati	Diavel for Bentley
Ducati	Diavel For Bentley Mulliner
Ducati	Diavel Strada
Ducati	Diavel Titanium
Ducati	Diavel V4
Ducati	GT1000
Ducati	GT1000 Touring
Ducati	Hypermotard
Ducati	Hypermotard 1100
Ducati	Hypermotard 1100 EVO
Ducati	Hypermotard 1100 EVO SP
Ducati	Hypermotard 1100 S
Ducati	Hypermotard 698 Mono
Ducati	Hypermotard 698 Mono RVE
Ducati	Hypermotard 796
Ducati	Hypermotard 939
Ducati	Hypermotard 939 SP
Ducati	Hypermotard 950
Ducati	Hypermotard 950 RVE
Ducati	Hypermotard 950 SP
Ducati	Hypermotard SP
Ducati	Hyperstrada
Ducati	Hyperstrada 939
Ducati	MH900e
Ducati	Monster
Ducati	Monster 1000
Ducati	Monster 1000 Dark
Ducati	Monster 1000s
Ducati	Monster 1100
Ducati	Monster 1100 EVO
Ducati	Monster 1100 S
Ducati	Monster 1200
Ducati	Monster 1200 25th Anniversario
Ducati	Monster 1200 R
Ducati	Monster 1200 S
Ducati	Monster 1200 S Stripe
Ducati	Monster 30th Anniversario
Ducati	Monster 400
Ducati	Monster 400 Dark
Ducati	Monster 400 Metallic
Ducati	Monster 400s
Ducati	Monster 600
Ducati	Monster 600 City
Ducati	Monster 600 Dark
Ducati	Monster 600 Dark City
Ducati	Monster 600 Metallic
Ducati	Monster 620
Ducati	Monster 620 Capirex
Ducati	Monster 620 Dark
Ducati	Monster 620 Matrix
Ducati	Monster 620s
Ducati	Monster 695
Ducati	Monster 696
Ducati	Monster 696 ABS
Ducati	Monster 750
Ducati	Monster 750 City
Ducati	Monster 750 Dark
Ducati	Monster 750 Dark City
Ducati	Monster 750 Metallic
Ducati	Monster 796
Ducati	Monster 796 ABS
Ducati	Monster 797
Ducati	Monster 797+
Ducati	Monster 800
Ducati	Monster 800 Dark
Ducati	Monster 800s
Ducati	Monster 821
Ducati	Monster 821 Dark
Ducati	Monster 821 Stealth
Ducati	Monster 821 Stripe
Ducati	Monster 900
Ducati	Monster 900 City
Ducati	Monster 900 Cromo
Ducati	Monster 900 Dark
Ducati	Monster 900 Dark City
Ducati	Monster 900 Metallic
Ducati	Monster 900s
Ducati	Monster Diesel
Ducati	Monster S2R
Ducati	Monster S2R 1000
Ducati	Monster S2R 800
Ducati	Monster S2R Dark
Ducati	Monster S4
Ducati	Monster S4 Fogarty
Ducati	Monster S4R
Ducati	Monster S4R Testastretta
Ducati	Monster S4Rs
Ducati	Monster S4Rs Testastretta
Ducati	Monster S4Rs Tricolore
Ducati	Monster Senna
Ducati	Monster SP
Ducati	Monster SP 30th Anniversario
Ducati	Monster+
Ducati	Multistrada 1000
Ducati	Multistrada 1000 DS
Ducati	Multistrada 1000s DS
Ducati	Multistrada 1100
Ducati	Multistrada 1100 S
Ducati	Multistrada 1200
Ducati	Multistrada 1200 Enduro
Ducati	Multistrada 1200 Enduro Pro
Ducati	Multistrada 1200 Pikes Peak
Ducati	Multistrada 1200 S
Ducati	Multistrada 1200 S Dair
Ducati	Multistrada 1200 S Granturismo
Ducati	Multistrada 1200 S Pikes Peak
Ducati	Multistrada 1200 S Sport
Ducati	Multistrada 1200 S Touring
Ducati	Multistrada 1260
Ducati	Multistrada 1260 Enduro
Ducati	Multistrada 1260 Pikes Peak
Ducati	Multistrada 1260 S
Ducati	Multistrada 1260 S Grand Tour
Ducati	Multistrada 620
Ducati	Multistrada 620 Dark
Ducati	Multistrada 950
Ducati	Multistrada 950 S
Ducati	Multistrada 950 S Spoked Wheels
Ducati	Multistrada V2
Ducati	Multistrada V2 S
Ducati	Multistrada V4
Ducati	Multistrada V4 Pikes Peak
Ducati	Multistrada V4 Rally
Ducati	Multistrada V4 RS
Ducati	Multistrada V4 S
Ducati	Multistrada V4 S Grand Tour
Ducati	Multistrada V4 S Sport
Ducati	Panigale R
Ducati	Panigale V2
Ducati	Panigale V2 Bayliss
Ducati	Panigale V2 S
Ducati	Panigale V2 Superquadro Final Edition
Ducati	Panigale V4
Ducati	Panigale V4 25 Anniversario 916
Ducati	Panigale V4 Lamborghini
Ducati	Panigale V4 R
Ducati	Panigale V4 S
Ducati	Panigale V4 S Corse
Ducati	Panigale V4 SP
Ducati	Panigale V4 SP2
Ducati	Panigale V4 SP2 30th Anniversario 916
Ducati	Panigale V4 Speciale
Ducati	Panigale V4 Tricolore
Ducati	Panigale V4 Tricolore Italia
Ducati	PaulSmart 1000 LE
Ducati	Scrambler 10 Anniversario Rizoma Edition
Ducati	Scrambler 1100
Ducati	Scrambler 1100 Dark PRO
Ducati	Scrambler 1100 PRO
Ducati	Scrambler 1100 Special
Ducati	Scrambler 1100 Sport
Ducati	Scrambler 1100 Sport PRO
Ducati	Scrambler 1100 Tribute PRO
Ducati	Scrambler Cafe Racer
Ducati	Scrambler Classic
Ducati	Scrambler Desert Sled
Ducati	Scrambler Desert Sled Fasthouse
Ducati	Scrambler Flat Track Pro
Ducati	Scrambler Full Throttle
Ducati	Scrambler Icon
Ducati	Scrambler Icon Dark
Ducati	Scrambler Icon NG
Ducati	Scrambler Italia Independent Ltd Edition
Ducati	Scrambler Mach 2.0
Ducati	Scrambler Nightshift
Ducati	Scrambler Nightshift NG
Ducati	Scrambler Sixty2
Ducati	Scrambler Street Classic
Ducati	Scrambler Urban Enduro
Ducati	Scrambler Urban Motard
Ducati	Sport 1000
Ducati	Sport 1000 Biposto
Ducati	Sport 1000 Monoposto
Ducati	Sport 1000s
Ducati	SS 750
Ducati	SS 900
Ducati	ST2
Ducati	ST3
Ducati	ST3S ABS
Ducati	ST4
Ducati	ST4S
Ducati	ST4S ABS
Ducati	Streetfighter
Ducati	Streetfighter 848
Ducati	Streetfighter S
Ducati	Streetfighter V2
Ducati	Streetfighter V2 S
Ducati	Streetfighter V4
Ducati	Streetfighter V4 Lamborghini
Ducati	Streetfighter V4 S
Ducati	Streetfighter V4 SP
Ducati	Streetfighter V4 SP2
Ducati	Streetfighter V4 Supreme
Ducati	Super Sport
Ducati	Super Sport 950
Ducati	Super Sport 950 S
Ducati	Super Sport S
Ducati	Superleggera V4
Ducati	SuperSport 950
Ducati	SuperSport 950 S
Ducati	XDiavel
Ducati	XDiavel Black Star
Ducati	XDiavel Dark
Ducati	XDiavel Nera
Ducati	XDiavel S
Ducati	XDiavel S Nera
Ducati	XDiavel V4
E-TON	Beamer
E-TON	Beamer 50
E-TON	Beamer II
E-TON	Beamer III
E-TON	Beamer Matrix
E-TON	Beamer Matrix II
E-TON	Beamer R2
E-TON	Beamer R4 (150)
E-TON	Matrix 150
E-TON	Matrix 50
E-TON	Matrix R4-150
E-TON	Sport 150
E-TON	Sport 50
Erik Buell Racing	1190RS
Erik Buell Racing	1190RX
Erik Buell Racing	1190SX
Erik Buell Racing	Black Lightning
Evobike	Aguila
Evobike	Rayo
Evobike	Tauro
Evobike	VMPS5
Excelsior-Henderson	Super X
FANTIC	Caballero Explorer 500
Gas Gas	300 Pro
Gas Gas	Boy 50
Gas Gas	Contact 250
Gas Gas	Contact 250 ES
Gas Gas	Contact 280
Gas Gas	Contact 280 ES
Gas Gas	Contact 50
Gas Gas	Contact GT12
Gas Gas	Contact GT16
Gas Gas	Contact GT32
Gas Gas	Contact JT12
Gas Gas	Contact JT16
Gas Gas	Contact JT25
Gas Gas	Contact JTR125
Gas Gas	Contact JTR160
Gas Gas	Contact JTR250
Gas Gas	Contact JTR370
Gas Gas	Contact JTX125
Gas Gas	Contact JTX200
Gas Gas	Contact JTX250
Gas Gas	Contact JTX270
Gas Gas	Contact JTX320
Gas Gas	Contact RR 250
Gas Gas	Contact RR 280
Gas Gas	Contact T25
Gas Gas	Contact TX125
Gas Gas	Contact TX200
Gas Gas	Contact TX250
Gas Gas	Contact TX270
Gas Gas	Contact TX320
Gas Gas	Contact TX321
Gas Gas	Delta GT25
Gas Gas	Delta GT32
Gas Gas	EC 125
Gas Gas	EC 125 Racing
Gas Gas	EC 125 Six Days
Gas Gas	EC 200
Gas Gas	EC 200 Hobby
Gas Gas	EC 200 Racing
Gas Gas	EC 200 Six Days
Gas Gas	EC 200E
Gas Gas	EC 250
Gas Gas	EC 250 4T
Gas Gas	EC 250 Cami
Gas Gas	EC 250 Cervantes Replica
Gas Gas	EC 250 Guillaume Replica
Gas Gas	EC 250 R
Gas Gas	EC 250 Racing
Gas Gas	EC 250 Racing E-Start
Gas Gas	EC 250 Replica
Gas Gas	EC 250 Replica Factory
Gas Gas	EC 250 Six Days
Gas Gas	EC 250 Six Days Chile 18
Gas Gas	EC 250E
Gas Gas	EC 250F
Gas Gas	EC 250F 4T
Gas Gas	EC 250F Suomi
Gas Gas	EC 300
Gas Gas	EC 300 2T
Gas Gas	EC 300 GP
Gas Gas	EC 300 Guillaume Replica
Gas Gas	EC 300 R
Gas Gas	EC 300 Racing
Gas Gas	EC 300 Racing E-Start
Gas Gas	EC 300 Replica
Gas Gas	EC 300 Replica Factory
Gas Gas	EC 300 Replica Nambotin
Gas Gas	EC 300 Six Days
Gas Gas	EC 300 Six Days Chile 18
Gas Gas	EC 300E
Gas Gas	EC 300F
Gas Gas	EC 350F
Gas Gas	EC 400 FSE
Gas Gas	EC 450
Gas Gas	EC 450 4T
Gas Gas	EC 450 Cervantes Replica
Gas Gas	EC 450 FSE
Gas Gas	EC 450 FSR
Gas Gas	EC 450 Raid
Gas Gas	EC 450F
Gas Gas	EC 500F
Gas Gas	EC 515 FSR
Gas Gas	EC Boy 50
Gas Gas	EC FSE 400
Gas Gas	EC FSE 450
Gas Gas	EC Ranger 200
Gas Gas	EC Ranger 300
Gas Gas	EC Rookie 50
Gas Gas	EC Sr.
Gas Gas	Enducross 125
Gas Gas	Enducross 250
Gas Gas	Enducross 50
Gas Gas	Enducross EC 125
Gas Gas	Enducross EC 200
Gas Gas	Enducross EC 250
Gas Gas	Enducross EC 250 2000
Gas Gas	Enducross EC 300
Gas Gas	Enducross EC 300 2000
Gas Gas	Enducross EC 450
Gas Gas	Enducross EC 515
Gas Gas	Enducross EC Boy 50
Gas Gas	Enducross TT 125
Gas Gas	Enducross TT 250
Gas Gas	Enducross TT 80
Gas Gas	Enducross TT125
Gas Gas	Enducross TT250
Gas Gas	Enducross TT80
Gas Gas	Enduro GP 250
Gas Gas	Enduro GP 300
Gas Gas	Endutrail 125
Gas Gas	Endutrail 250
Gas Gas	Endutrial 125
Gas Gas	Endutrial 250
Gas Gas	ES 350
Gas Gas	ES 500
Gas Gas	ES 700
Gas Gas	EW 500F
Gas Gas	EX 250
Gas Gas	EX 250F
Gas Gas	EX 300
Gas Gas	EX 300F
Gas Gas	EX 350F
Gas Gas	EX 450F
Gas Gas	Halley 125 R
Gas Gas	Halley 325
Gas Gas	Halley 450 R
Gas Gas	JTR270
Gas Gas	MC 125
Gas Gas	MC 150
Gas Gas	MC 200
Gas Gas	MC 250
Gas Gas	MC 250F
Gas Gas	MC 250F Factory Edition
Gas Gas	MC 300
Gas Gas	MC 350F
Gas Gas	MC 450F
Gas Gas	MC 450F Factory Edition
Gas Gas	MC 450F Troy Lee Designs
Gas Gas	MC 50
Gas Gas	MC 65
Gas Gas	MC 85
Gas Gas	MC 85 17/14
Gas Gas	MC 85 19/16
Gas Gas	MC Boy 50
Gas Gas	MC-E 2
Gas Gas	MC-E 3
Gas Gas	MC-E 5
Gas Gas	Nomada
Gas Gas	Nomada 450
Gas Gas	Pampera 125
Gas Gas	Pampera 200
Gas Gas	Pampera 250
Gas Gas	Pampera 280
Gas Gas	Pampera 370
Gas Gas	Pampera 400
Gas Gas	Pampera 450
Gas Gas	Rookie 50
Gas Gas	SM 125
Gas Gas	SM 250
Gas Gas	SM 400 FSE
Gas Gas	SM 450
Gas Gas	SM 450 FSE
Gas Gas	SM 450 FSR
Gas Gas	SM 50
Gas Gas	SM 515
Gas Gas	SM 700
Gas Gas	SM Halley 125
Gas Gas	SM Halley 450
Gas Gas	Trial 250
Gas Gas	Trial 327
Gas Gas	Trial School 125
Gas Gas	TX 125 Randonne
Gas Gas	TX 200 Randonne
Gas Gas	TX50 Boy
Gas Gas	TXT 125
Gas Gas	TXT 200
Gas Gas	TXT 250
Gas Gas	TXT 280
Gas Gas	TXT 321
Gas Gas	TXT 70 Rookie
Gas Gas	TXT 80 Rookie
Gas Gas	TXT Boy 50
Gas Gas	TXT Cadet 50
Gas Gas	TXT Cadet 80
Gas Gas	TXT Edition 250
Gas Gas	TXT Edition 280
Gas Gas	TXT GP 125
Gas Gas	TXT GP 250
Gas Gas	TXT GP 280
Gas Gas	TXT GP 300
Gas Gas	TXT Pro 125
Gas Gas	TXT Pro 125 Racing
Gas Gas	TXT Pro 125 Raga
Gas Gas	TXT Pro 125 Replica Factory
Gas Gas	TXT Pro 200
Gas Gas	TXT Pro 200 Raga
Gas Gas	TXT Pro 250
Gas Gas	TXT Pro 250 Racing
Gas Gas	TXT Pro 250 Raga
Gas Gas	TXT Pro 250 Replica Factory
Gas Gas	TXT Pro 280
Gas Gas	TXT Pro 280 Racing
Gas Gas	TXT Pro 280 Raga
Gas Gas	TXT Pro 280 Replica Factory
Gas Gas	TXT Pro 300
Gas Gas	TXT Pro 300 Racing
Gas Gas	TXT Pro 300 Raga
Gas Gas	TXT Pro 300 Replica Factory
Gas Gas	TXT Pro 80
Gas Gas	TXT Pro Racing 125
Gas Gas	TXT Pro Racing 250
Gas Gas	TXT Pro Racing 280
Gas Gas	TXT Pro Racing 300
Gas Gas	TXT Pro Racing Series
Gas Gas	TXT Pro Raga Series
Gas Gas	TXT Pro Series
Gas Gas	TXT Racing 125
Gas Gas	TXT Racing 250
Gas Gas	TXT Racing 280
Gas Gas	TXT Racing 300
Gas Gas	TXT Rookie 50
Gas Gas	TXT Sr.
Gas Gas	TXT200
Gas Gas	TXT280
Gas Gas	TXT321
Gas Gas	XC 125 Racing
Gas Gas	XC 200
Gas Gas	XC 200 Racing
Gas Gas	XC 250
Gas Gas	XC 250 4T
Gas Gas	XC 250 Cervantes Replica
Gas Gas	XC 250 Racing
Gas Gas	XC 250 Racing E-Start
Gas Gas	XC 300
Gas Gas	XC 300 Racing
Gas Gas	XC 300 Racing E-Start
Harley-Davidson	D
Harley-Davidson	DL
Harley-Davidson	DLD
Harley-Davidson	E
Harley-Davidson	EL
Harley-Davidson	ELW LiveWire
Harley-Davidson	F
Harley-Davidson	FL
Harley-Davidson	FLD Switchback
Harley-Davidson	FLDE Deluxe 107
Harley-Davidson	FLF
Harley-Davidson	FLFB
Harley-Davidson	FLFB Fat Boy 107
Harley-Davidson	FLFB Fat Boy 117
Harley-Davidson	FLFBS Fat Boy 114
Harley-Davidson	FLH Duo-Glide
Harley-Davidson	FLH Electra Glide
Harley-Davidson	FLH Electra Glide Revival
Harley-Davidson	FLH Hydra-Glide
Harley-Davidson	FLHB
Harley-Davidson	FLHC Electra Glide Classic
Harley-Davidson	FLHC Heritage Classic 107
Harley-Davidson	FLHC Heritage Classic 117
Harley-Davidson	FLHCS Heritage Classic 114
Harley-Davidson	FLHF
Harley-Davidson	FLHFB
Harley-Davidson	FLHFB Electra Glide Highway King
Harley-Davidson	FLHR Road King
Harley-Davidson	FLHRC Road King Classic
Harley-Davidson	FLHRCI Road King Classic
Harley-Davidson	FLHRI Road King
Harley-Davidson	FLHRS Road King Custom
Harley-Davidson	FLHRSE3 Screamin Eagle Road King
Harley-Davidson	FLHRSE4 Screamin Eagle Road King
Harley-Davidson	FLHRSE5 CVO Road King
Harley-Davidson	FLHRSE6 CVO Road King
Harley-Davidson	FLHRSEI Screamin Eagle Road King
Harley-Davidson	FLHRSEI2 Screamin Eagle Road King 2
Harley-Davidson	FLHRSI Road King Custom
Harley-Davidson	FLHRXS Road King Special
Harley-Davidson	FLHS Electra Glide Sport
Harley-Davidson	FLHT Electra Glide Standard
Harley-Davidson	FLHTC Electra Glide Classic
Harley-Davidson	FLHTCI Electra Glide Classic
Harley-Davidson	FLHTCSE Screamin Eagle Electra Glide
Harley-Davidson	FLHTCSE2 Screamin Eagle Electra Glide 2
Harley-Davidson	FLHTCU Electra Glide Ultra Classic
Harley-Davidson	FLHTCUI Electra Glide Ultra Classic
Harley-Davidson	FLHTCUL Electra Glide Ultra Classic Low
Harley-Davidson	FLHTCUSE Screamin Eagle Ultra Classic Electra Glide
Harley-Davidson	FLHTCUSE2 Screamin Eagle Ultra Classic Electra Glide
Harley-Davidson	FLHTCUSE3 Screamin Eagle Ultra Classic Electra Glide
Harley-Davidson	FLHTCUSE4 CVO Ultra Classic Electra Glide
Harley-Davidson	FLHTCUSE5 CVO Ultra Classic Electra Glide
Harley-Davidson	FLHTCUSE6 CVO Ultra Classic Electra Glide
Harley-Davidson	FLHTCUSE7 CVO Ultra Classic Electra Glide
Harley-Davidson	FLHTCUSE8 CVO Ultra Classic Electra Glide
Harley-Davidson	FLHTI Electra Glide Standard
Harley-Davidson	FLHTK Electra Glide Ultra Limited
Harley-Davidson	FLHTK Ultra Limited
Harley-Davidson	FLHTKL Ultra Limited Low
Harley-Davidson	FLHTKSE CVO Limited
Harley-Davidson	FLHX Electra Glide Special
Harley-Davidson	FLHX Street Glide
Harley-Davidson	FLHXI Street Glide
Harley-Davidson	FLHXS Street Glide Special
Harley-Davidson	FLHXSE CVO Street Glide
Harley-Davidson	FLHXSE2 CVO Street Glide
Harley-Davidson	FLHXSE3 CVO Street Glide
Harley-Davidson	FLHXST Street Glide ST
Harley-Davidson	FLHXU Street Glide Ultra
Harley-Davidson	FLI Hydra-Glide Revival
Harley-Davidson	FLIHYDRA Hydra-Glide Revival
Harley-Davidson	FLS Softail Slim
Harley-Davidson	FLSB Sport Glide 107
Harley-Davidson	FLSL Softail Slim 107
Harley-Davidson	FLSS Softail Slim S
Harley-Davidson	FLST Heritage Softail
Harley-Davidson	FLSTC Heritage Softail Classic
Harley-Davidson	FLSTCI Heritage Softail Classic
Harley-Davidson	FLSTF Fat Boy
Harley-Davidson	FLSTFB Fat Boy Lo
Harley-Davidson	FLSTFBS Fat Boy S
Harley-Davidson	FLSTFI Fat Boy
Harley-Davidson	FLSTFI Fat Boy Gray Ghost
Harley-Davidson	FLSTFSE Screamin Eagle Fat Boy
Harley-Davidson	FLSTFSE2 Screamin Eagle Fat Boy
Harley-Davidson	FLSTI Heritage Softail
Harley-Davidson	FLSTN Heritage Softail Nostalgia
Harley-Davidson	FLSTN Heritage Softail Special
Harley-Davidson	FLSTN Softail Deluxe
Harley-Davidson	FLSTNI Softail Deluxe
Harley-Davidson	FLSTNSE CVO Softail Deluxe
Harley-Davidson	FLSTS Heritage Springer
Harley-Davidson	FLSTSB Cross Bones
Harley-Davidson	FLSTSC Softail Springer Classic
Harley-Davidson	FLSTSCI Softail Springer Classic
Harley-Davidson	FLSTSE CVO Softail Convertible
Harley-Davidson	FLSTSE2 CVO Softail Convertible
Harley-Davidson	FLSTSE3 CVO Softail Convertible
Harley-Davidson	FLSTSI Heritage Springer
Harley-Davidson	FLT Tour Glide
Harley-Davidson	FLTC Tour Glide Classic
Harley-Davidson	FLTCU Tour Glide Ultra Classic
Harley-Davidson	FLTCUI Tour Glide Ultra Classic
Harley-Davidson	FLTR Road Glide
Harley-Davidson	FLTRI Road Glide
Harley-Davidson	FLTRK Road Glide Limited
Harley-Davidson	FLTRKSE CVO Road Glide Limited
Harley-Davidson	FLTRSE3 CVO Road Glide
Harley-Davidson	FLTRSEI Screamin Eagle Road Glide
Harley-Davidson	FLTRSEI2 Screamin Eagle Road Glide 2
Harley-Davidson	FLTRU Road Glide Ultra
Harley-Davidson	FLTRUSE CVO Road Glide Ultra
Harley-Davidson	FLTRX Road Glide
Harley-Davidson	FLTRX Road Glide Custom
Harley-Davidson	FLTRXRRSE CVO Road Glide RR
Harley-Davidson	FLTRXS Road Glide Special
Harley-Davidson	FLTRXSE CVO Road Glide
Harley-Davidson	FLTRXSE CVO Road Glide Custom
Harley-Davidson	FLTRXSE2 CVO Road Glide Custom
Harley-Davidson	FLTRXST Road Glide ST
Harley-Davidson	FLTRXSTSE CVO Road Glide ST
Harley-Davidson	FX Super Glide
Harley-Davidson	FXB Sturgis
Harley-Davidson	FXBB Breakout 117
Harley-Davidson	FXBB Street Bob 107
Harley-Davidson	FXBB Street Bob 117
Harley-Davidson	FXBBS Street Bob 114
Harley-Davidson	FXBR Breakout 107
Harley-Davidson	FXBR Breakout 117
Harley-Davidson	FXBRS Breakout 114
Harley-Davidson	FXCW Rocker
Harley-Davidson	FXCWC Rocker C
Harley-Davidson	FXD Dyna Super Glide
Harley-Davidson	FXDB Street Bob
Harley-Davidson	FXDB-D Dyna Glide Daytona
Harley-Davidson	FXDB-S Dyna Glide Sturgis
Harley-Davidson	FXDBI Street Bob
Harley-Davidson	FXDC Super Glide Custom
Harley-Davidson	FXDCI Super Glide Custom
Harley-Davidson	FXDF Fat Bob
Harley-Davidson	FXDFSE CVO Dyna Fat Bob
Harley-Davidson	FXDFSE2 CVO Dyna Fat Bob
Harley-Davidson	FXDG Disc Glide
Harley-Davidson	FXDI Dyna Super Glide
Harley-Davidson	FXDI35 Dyna 35th Anniversary Super Glide
Harley-Davidson	FXDL Dyna Low Rider
Harley-Davidson	FXDL Low Rider
Harley-Davidson	FXDLI Dyna Low Rider
Harley-Davidson	FXDLS Low Rider S
Harley-Davidson	FXDRS FXDR 114
Harley-Davidson	FXDS-Conv Dyna Convertible
Harley-Davidson	FXDSE Screamin Eagle Dyna
Harley-Davidson	FXDSE2 Screamin Eagle Dyna
Harley-Davidson	FXDWG Dyna Wide Glide
Harley-Davidson	FXDWG2 CVO Dyna Wide Glide
Harley-Davidson	FXDWG3 CVO Dyna Wide Glide
Harley-Davidson	FXDWGI Dyna Wide Glide
Harley-Davidson	FXDX Dyna Super Glide Sport
Harley-Davidson	FXDXI Dyna Super Glide Sport
Harley-Davidson	FXDXT Dyna Super Glide T-Sport
Harley-Davidson	FXE Super Glide
Harley-Davidson	FXEF Fat Bob
Harley-Davidson	FXFB Fat Bob 107
Harley-Davidson	FXFBS Fat Bob 114
Harley-Davidson	FXLR Low Rider 107
Harley-Davidson	FXLR Low Rider Custom
Harley-Davidson	FXLRS Low Rider S 114
Harley-Davidson	FXLRS Low Rider S 117
Harley-Davidson	FXLRST Low Rider ST
Harley-Davidson	FXLRST Low Rider ST 117
Harley-Davidson	FXR Super Glide II
Harley-Davidson	FXR2
Harley-Davidson	FXR3
Harley-Davidson	FXR4
Harley-Davidson	FXRC Low Rider Chrome
Harley-Davidson	FXRD Sport Glide Grand Touring
Harley-Davidson	FXRDG Disc Glide
Harley-Davidson	FXRPF Police
Harley-Davidson	FXRS Low Glide
Harley-Davidson	FXRS-Conv Low Rider Sport Convertible
Harley-Davidson	FXRS-SP Low Rider Sport
Harley-Davidson	FXRST Low Rider El Diablo 117
Harley-Davidson	FXRT Sport Glide
Harley-Davidson	FXS Blackline
Harley-Davidson	FXS Low Rider
Harley-Davidson	FXSB Breakout
Harley-Davidson	FXSB Low Rider - Belt
Harley-Davidson	FXSBSE CVO Breakout
Harley-Davidson	FXSE CVO Pro Street Breakout
Harley-Davidson	FXST Softail Standard
Harley-Davidson	FXST Softail Standard 107
Harley-Davidson	FXSTB Night Train
Harley-Davidson	FXSTBI Night Train
Harley-Davidson	FXSTC Softail Custom
Harley-Davidson	FXSTD Softail Deuce
Harley-Davidson	FXSTDI Softail Deuce
Harley-Davidson	FXSTDSE Screamin Eagle Softail Deuce
Harley-Davidson	FXSTDSE2 Screamin Eagle Softail Deuce 2
Harley-Davidson	FXSTI Softail Standard
Harley-Davidson	FXSTS Springer Softail
Harley-Davidson	FXSTSB Bad Boy
Harley-Davidson	FXSTSI Springer Softail
Harley-Davidson	FXSTSSE Screamin Eagle Softail Springer
Harley-Davidson	FXSTSSE2 Screamin Eagle Softail Springer
Harley-Davidson	FXSTSSE3 CVO Softail Springer
Harley-Davidson	FXWG Wide Glide
Harley-Davidson	K
Harley-Davidson	KH
Harley-Davidson	KHK
Harley-Davidson	KHRTT
Harley-Davidson	KR
Harley-Davidson	KRTT
Harley-Davidson	R
Harley-Davidson	RA1250 Pan America 1250
Harley-Davidson	RA1250S Pan America 1250 Special
Harley-Davidson	RA1250S Pan America 1250 Special G.I.
Harley-Davidson	RA1250S Pan America Special
Harley-Davidson	RA1250SE CVO Pan America
Harley-Davidson	RA1250ST Pan America 1250 ST
Harley-Davidson	RH1250S Sportster S
Harley-Davidson	RH975 Nightster
Harley-Davidson	RH975S Nightster Special
Harley-Davidson	RL
Harley-Davidson	RLD
Harley-Davidson	RLDR
Harley-Davidson	SS125
Harley-Davidson	SS175
Harley-Davidson	SS250
Harley-Davidson	SS350
Harley-Davidson	SX125
Harley-Davidson	SX175
Harley-Davidson	SX250
Harley-Davidson	SXT125
Harley-Davidson	TX125
Harley-Davidson	U
Harley-Davidson	UH
Harley-Davidson	UL
Harley-Davidson	ULH
Harley-Davidson	V
Harley-Davidson	VC
Harley-Davidson	VD
Harley-Davidson	VFDS
Harley-Davidson	VL
Harley-Davidson	VLD
Harley-Davidson	VLDD
Harley-Davidson	VLDJ
Harley-Davidson	VLH
Harley-Davidson	VRSCA V-Rod
Harley-Davidson	VRSCAW V-Rod
Harley-Davidson	VRSCB V-Rod
Harley-Davidson	VRSCD Night Rod
Harley-Davidson	VRSCDX ANN V-Rod Anniversary Edition
Harley-Davidson	VRSCDX Night Rod Special
Harley-Davidson	VRSCF V-Rod Muscle
Harley-Davidson	VRSCR Street Rod
Harley-Davidson	VRSCSE Screamin Eagle V-Rod
Harley-Davidson	VRSCSE2 Screamin Eagle V-Rod 2
Harley-Davidson	VRSCX Screamin Eagle V-Rod
Harley-Davidson	VRXSE Screamin Eagle Destroyer
Harley-Davidson	W
Harley-Davidson	WL
Harley-Davidson	WLA
Harley-Davidson	WLC
Harley-Davidson	WLD
Harley-Davidson	WLDR
Harley-Davidson	X90
Harley-Davidson	XG500 Street 500
Harley-Davidson	XG750 Street 750
Harley-Davidson	XG750A Street Rod
Harley-Davidson	XL
Harley-Davidson	XL1200C Sportster 1200 Custom
Harley-Davidson	XL1200CX Roadster
Harley-Davidson	XL1200L Sportster 1200 Low
Harley-Davidson	XL1200N Sportster 1200 Nightster
Harley-Davidson	XL1200NS Iron 1200
Harley-Davidson	XL1200R Sportster 1200 Roadster
Harley-Davidson	XL1200S Sportster 1200 Sport
Harley-Davidson	XL1200T SuperLow 1200T
Harley-Davidson	XL1200V Seventy-Two
Harley-Davidson	XL1200X Forty-Eight
Harley-Davidson	XL1200XS Forty-Eight Special
Harley-Davidson	XL50 50th Anniversary Sportster
Harley-Davidson	XL883 Sportster
Harley-Davidson	XL883C Sportster 883 Custom
Harley-Davidson	XL883L Sportster 883 Low
Harley-Davidson	XL883L SuperLow
Harley-Davidson	XL883N Iron 883
Harley-Davidson	XL883R Sportster 883 Roadster
Harley-Davidson	XLC
Harley-Davidson	XLCH
Harley-Davidson	XLCR Cafe Racer
Harley-Davidson	XLH1000
Harley-Davidson	XLH1100
Harley-Davidson	XLH1200
Harley-Davidson	XLH883
Harley-Davidson	XLH883DLX Sportster 883 Deluxe
Harley-Davidson	XLH883HUG Sportster 883 Hugger
Harley-Davidson	XLH900
Harley-Davidson	XLR
Harley-Davidson	XLRTT
Harley-Davidson	XLS Roadster
Harley-Davidson	XLT
Harley-Davidson	XLX 1000
Harley-Davidson	XR
Harley-Davidson	XR1000
Harley-Davidson	XR1200
Harley-Davidson	XR1200X
Harley-Davidson	Z90
Hero	Dash 125
Hero	ECO 150 Cargo
Hero	ECO 150 MAX
Hero	Hunk 150
Hero	Hunk 160R
Hero	Ignitor 125
Hero	XOOM 110
Hero	Xpulse 200 2V FI
HM	CRE 50
Honey Whale	DM06 Wukong
Honey Whale	KC
Honey Whale	ZL Wolf
Husaberg	FC350
Husaberg	FC400
Husaberg	FC450
Husaberg	FC470
Husaberg	FC470E
Husaberg	FC499
Husaberg	FC501
Husaberg	FC550
Husaberg	FC600
Husaberg	FE250
Husaberg	FE350
Husaberg	FE350E
Husaberg	FE390
Husaberg	FE400
Husaberg	FE400E
Husaberg	FE450
Husaberg	FE450E
Husaberg	FE501
Husaberg	FE501E
Husaberg	FE550E
Husaberg	FE570
Husaberg	FE600
Husaberg	FE600E
Husaberg	FE650E
Husaberg	FS400E
Husaberg	FS450E
Husaberg	FS570
Husaberg	FS600E
Husaberg	FS650C
Husaberg	FS650E
Husaberg	FX450
Husaberg	FX470E
Husaberg	FX501E
Husaberg	FX600E
Husaberg	FX650E
Husaberg	TE125
Husaberg	TE250
Husaberg	TE300
Husqvarna	701 Enduro
Husqvarna	701 Enduro LR
Husqvarna	701 Supermoto
Husqvarna	AE430
Husqvarna	AE500
Husqvarna	Automatic 360
Husqvarna	CR125
Husqvarna	CR150
Husqvarna	CR250
Husqvarna	CR360
Husqvarna	CR390
Husqvarna	CR400
Husqvarna	CR430
Husqvarna	CR50
Husqvarna	CR500
Husqvarna	CR65
Husqvarna	EE 2
Husqvarna	EE 3
Husqvarna	EE 5
Husqvarna	FC250
Husqvarna	FC250 Factory Edition
Husqvarna	FC250 Rockstar Edition
Husqvarna	FC350
Husqvarna	FC350 Heritage
Husqvarna	FC450
Husqvarna	FC450 Factory Edition
Husqvarna	FC450 Rockstar Edition
Husqvarna	FE250
Husqvarna	FE350
Husqvarna	FE350 Pro
Husqvarna	FE350S
Husqvarna	FE350S Heritage
Husqvarna	FE350W
Husqvarna	FE450
Husqvarna	FE450 Heritage
Husqvarna	FE501
Husqvarna	FE501S
Husqvarna	FE501S Heritage
Husqvarna	FE501W
Husqvarna	FS450
Husqvarna	FS450 Supermoto
Husqvarna	FX350
Husqvarna	FX350 Heritage
Husqvarna	FX450
Husqvarna	GP175
Husqvarna	HUV 4210 E
Husqvarna	HUV 4210 EXP
Husqvarna	HUV 4210 G
Husqvarna	HUV 4210 GXP
Husqvarna	HUV 4213
Husqvarna	HUV 4214
Husqvarna	HUV 4414
Husqvarna	HUV 4414 XP
Husqvarna	HUV 4420
Husqvarna	HUV 4420 D
Husqvarna	HUV 4420 G
Husqvarna	HUV 4421 D
Husqvarna	HUV 4421 DXL
Husqvarna	HUV 4421 DXP
Husqvarna	HUV 4421 G
Husqvarna	HUV 4421 GXL
Husqvarna	HUV 4421 GXP
Husqvarna	Norden 901
Husqvarna	Norden 901 Expedition
Husqvarna	Nuda 900R
Husqvarna	OR250
Husqvarna	OR390
Husqvarna	SM 125
Husqvarna	SM 400R
Husqvarna	SM 450RR
Husqvarna	SM 50
Husqvarna	SM 510RR
Husqvarna	SM 530RR
Husqvarna	SM 610
Husqvarna	SM 630
Husqvarna	SM610R
Husqvarna	SMR 449
Husqvarna	SMR 450
Husqvarna	SMR 510
Husqvarna	SMR 511
Husqvarna	SMR 570
Husqvarna	SMR 610
Husqvarna	SMR 630
Husqvarna	SMS 125
Husqvarna	SMS 4
Husqvarna	SMS 630
Husqvarna	SR250
Husqvarna	Svartpilen 250
Husqvarna	Svartpilen 401
Husqvarna	Svartpilen 701
Husqvarna	Svartpilen 801
Husqvarna	TC125
Husqvarna	TC125 Heritage
Husqvarna	TC150
Husqvarna	TC150 Heritage
Husqvarna	TC250
Husqvarna	TC250 Heritage
Husqvarna	TC250R
Husqvarna	TC300
Husqvarna	TC300 Heritage
Husqvarna	TC310
Husqvarna	TC449
Husqvarna	TC450
Husqvarna	TC50
Husqvarna	TC500
Husqvarna	TC510
Husqvarna	TC570
Husqvarna	TC610
Husqvarna	TC65
Husqvarna	TC85 17/14
Husqvarna	TC85 19/16
Husqvarna	TE125
Husqvarna	TE150
Husqvarna	TE150i
Husqvarna	TE250
Husqvarna	TE250i
Husqvarna	TE300
Husqvarna	TE300 Heritage
Husqvarna	TE300 Pro
Husqvarna	TE300i
Husqvarna	TE310
Husqvarna	TE310R
Husqvarna	TE400
Husqvarna	TE410
Husqvarna	TE449
Husqvarna	TE450
Husqvarna	TE510
Husqvarna	TE511
Husqvarna	TE570
Husqvarna	TE610
Husqvarna	TE630
Husqvarna	TR650 Strada
Husqvarna	TR650 Terra
Husqvarna	TX 125
Husqvarna	TX300
Husqvarna	TX300 Heritage
Husqvarna	TX300i
Husqvarna	TX300i Rockstar Edition
Husqvarna	TX510
Husqvarna	TXC 250
Husqvarna	TXC 310
Husqvarna	TXC 449
Husqvarna	TXC 450
Husqvarna	TXC 510
Husqvarna	TXC 511
Husqvarna	TXC250R
Husqvarna	TXC310R
Husqvarna	Vitpilen 401
Husqvarna	Vitpilen 701
Husqvarna	Vitpilen 801
Husqvarna	WME 125
Husqvarna	WME 250
Husqvarna	WME 610
Husqvarna	WMX 125
Husqvarna	WMX 250
Husqvarna	WMX 510
Husqvarna	WR125
Husqvarna	WR150
Husqvarna	WR240
Husqvarna	WR250
Husqvarna	WR300
Husqvarna	WR360
Husqvarna	WR390
Husqvarna	WR400
Husqvarna	WR430
Husqvarna	WR500
Husqvarna	WRE 125
Husqvarna	WXC 125
Husqvarna	WXC 250
Husqvarna	WXC 350
Husqvarna	WXC 360
Husqvarna	WXC 410
Husqvarna	WXC 610
Husqvarna	WXE 125
Husqvarna	WXE 250
Husqvarna	WXE 260
Husqvarna	WXE 350
Husqvarna	WXE 360
Husqvarna	WXE 410
Husqvarna	WXE 510
Husqvarna	WXE 610
Husqvarna	XC125
Husqvarna	XC250
Husqvarna	XC400
Husqvarna	XC430
Husqvarna	XC500
Hyosung	GD250
Hyosung	GD250R
Hyosung	GT250
Hyosung	GT250R
Hyosung	GT650
Hyosung	GT650R
Hyosung	GT650S
Hyosung	GV250
Hyosung	GV250 Aquila
Hyosung	GV650
Hyosung	GV650 Aquila Pro
Hyosung	LT160
Hyosung	MS3-250
Hyosung	QT50
Hyosung	SD50/Sense
Hyosung	SF50B/Prima
Hyosung	SF50R/Rally
Hyosung	ST-E3 EVA
Hyosung	ST7
Hyosung	ST7 Deluxe
Hyosung	TE450S
Hyosung	TE50
Hyosung	TE90
Hyosung	WOW50
Hyosung	WOW90
Indian	101 Scout
Indian	741
Indian	Challenger
Indian	Challenger Dark Horse
Indian	Challenger Dark Horse 108
Indian	Challenger Dark Horse 108 Audio Package
Indian	Challenger Dark Horse 112
Indian	Challenger Dark Horse 112 Audio Package
Indian	Challenger Elite
Indian	Challenger Limited
Indian	Challenger Limited 108
Indian	Challenger Limited 108 Audio Package
Indian	Challenger Limited 112
Indian	Challenger Limited 112 Audio Package
Indian	Chief
Indian	Chief Blackhawk
Indian	Chief Blackhawk Dark
Indian	Chief Bobber
Indian	Chief Bobber Dark Horse
Indian	Chief Bomber
Indian	Chief Classic
Indian	Chief Dark Horse
Indian	Chief Deluxe
Indian	Chief Roadmaster
Indian	Chief Standard
Indian	Chief Vintage
Indian	Chief Vintage FE
Indian	Chief Vintage LE
Indian	Chieftain
Indian	Chieftain Classic
Indian	Chieftain Dark Horse
Indian	Chieftain Dark Horse Audio Package
Indian	Chieftain Elite
Indian	Chieftain Limited
Indian	Chieftain Limited Audio Package
Indian	Chieftain PowerPlus
Indian	Chieftain PowerPlus Dark Horse 108
Indian	Chieftain PowerPlus Dark Horse 108 Audio Package
Indian	Chieftain PowerPlus Dark Horse 112
Indian	Chieftain PowerPlus Dark Horse 112 Audio Package
Indian	Chieftain PowerPlus Limited 108
Indian	Chieftain PowerPlus Limited 108 Audio Package
Indian	Chieftain PowerPlus Limited 112
Indian	Chieftain PowerPlus Limited 112 Audio Package
Indian	FTR
Indian	FTR 1200
Indian	FTR 1200 S
Indian	FTR Championship Edition
Indian	FTR R Carbon
Indian	FTR Rally
Indian	FTR S
Indian	FTR Sport
Indian	FTR x 100% R Carbon
Indian	FTR X RDS Super Hooligan
Indian	FTR x RSD Super Hooligan
Indian	Inline 4
Indian	Pursuit Dark Horse
Indian	Pursuit Dark Horse 108
Indian	Pursuit Dark Horse 108 Audio Package
Indian	Pursuit Dark Horse 112
Indian	Pursuit Dark Horse 112 Audio Package
Indian	Pursuit Dark Horse Premium Package
Indian	Pursuit Elite
Indian	Pursuit Limited
Indian	Pursuit Limited 108
Indian	Pursuit Limited 108 Audio Package
Indian	Pursuit Limited 112
Indian	Pursuit Limited 112 Audio Package
Indian	Pursuit Limited Premium Package
Indian	Roadmaster
Indian	Roadmaster Audio Package
Indian	Roadmaster Classic
Indian	Roadmaster Dark Horse
Indian	Roadmaster Dark Horse Audio Package
Indian	Roadmaster Elite
Indian	Roadmaster Limited
Indian	Roadmaster Limited Audio Package
Indian	Roadmaster PowerPlus Dark Horse 108
Indian	Roadmaster PowerPlus Dark Horse 108 Audio Package
Indian	Roadmaster PowerPlus Dark Horse 112
Indian	Roadmaster PowerPlus Dark Horse 112 Audio Package
Indian	Roadmaster PowerPlus Limited 108
Indian	Roadmaster PowerPlus Limited 108 Audio Package
Indian	Roadmaster PowerPlus Limited 112
Indian	Roadmaster PowerPlus Limited 112 Audio Package
Indian	Scout
Indian	Scout 100th Anniversary
Indian	Scout Bobber
Indian	Scout Bobber Limited
Indian	Scout Bobber Limited +Tech
Indian	Scout Bobber Sixty
Indian	Scout Bobber Twenty
Indian	Scout Classic
Indian	Scout Classic Limited
Indian	Scout Classic Limited +Tech
Indian	Scout Classic Limited Tech
Indian	Scout Rogue
Indian	Scout Rogue Sixty
Indian	Scout Sixty
Indian	Scout Sixty Bobber
Indian	Scout Sixty Bobber Limited
Indian	Scout Sixty Classic
Indian	Scout Sixty Classic Limited
Indian	Spirit
Indian	Sport Chief
Indian	Sport Chief RT
Indian	Sport Scout
Indian	Sport Scout Limited
Indian	Sport Scout Limited +Tech
Indian	Sport Scout RT
Indian	Sport Scout Sixty
Indian	Sport Scout Sixty Limited
Indian	Springfield
Indian	Springfield Dark Horse
Indian	Super Chief
Indian	Super Chief Dark Horse
Indian	Super Chief Limited
Indian	Super Scout
Indian	Vintage
Indian	Vintage Dark Horse
Islo	Black Wing 150
Islo	Black Wing 250
Islo	Drifter 110
Islo	Driver 125
Islo	Flip 125
Islo	Freedom
Islo	Kangur 150
Islo	Kraken 90
Islo	Meta 150
Islo	Montana 125
Islo	Montana ADV250
Islo	Mutant 250
Islo	Mutant 250 R
Islo	Partner 200
Islo	Rabbit 150
Islo	Rabbit Rush 150
Islo	Racer 125
Islo	Racer 150
Islo	Rush TR 250
Islo	Sioux 125
Islo	Trip 150
Islo	Urban 200
Islo	Urban 200 Cabina
Islo	Zebra 110
Islo	Zero 150
Italika	125FL
Italika	125Z
Italika	150SZ
Italika	150Z
